artifact_id,sha256,bytes,filename,mime_type,format,artifact_kind,archive_parent_artifact_id,member_path,first_verified,notes
ART-000001,,180,SOURCE_INFO.txt,,txt,readme,,,2026-09-23,
ART-000002,,1564,README.md,,md,readme,,,2026-09-23,
ART-000003,,546086,QADI_train_ids_AE.txt,,txt,data,,,2026-09-23,
ART-000004,,551634,QADI_train_ids_BH.txt,,txt,data,,,2026-09-23,
ART-000005,,342990,QADI_train_ids_DZ.txt,,txt,data,,,2026-09-23,
ART-000006,,1334040,QADI_train_ids_EG.txt,,txt,data,,,2026-09-23,
ART-000007,,359550,QADI_train_ids_IQ.txt,,txt,data,,,2026-09-23,
ART-000008,,667866,QADI_train_ids_JO.txt,,txt,data,,,2026-09-23,
ART-000009,,976324,QADI_train_ids_KW.txt,,txt,data,,,2026-09-23,
ART-000010,,755945,QADI_train_ids_LB.txt,,txt,data,,,2026-09-23,
ART-000011,,799897,QADI_train_ids_LY.txt,,txt,data,,,2026-09-23,
ART-000012,,251577,QADI_train_ids_MA.txt,,txt,data,,,2026-09-23,
ART-000013,,484066,QADI_train_ids_OM.txt,,txt,data,,,2026-09-23,
ART-000014,,954549,QADI_train_ids_PL.txt,,txt,data,,,2026-09-23,
ART-000015,,715874,QADI_train_ids_QA.txt,,txt,data,,,2026-09-23,
ART-000016,,696964,QADI_train_ids_SA.txt,,txt,data,,,2026-09-23,
ART-000017,,318989,QADI_train_ids_SD.txt,,txt,data,,,2026-09-23,
ART-000018,,354228,QADI_train_ids_SY.txt,,txt,data,,,2026-09-23,
ART-000019,,254009,QADI_train_ids_TN.txt,,txt,data,,,2026-09-23,
ART-000020,,225840,QADI_train_ids_YE.txt,,txt,data,,,2026-09-23,
ART-000021,,522341,QADI_test.txt,,txt,data,,,2026-09-23,
ART-000022,,197,SOURCE_INFO.txt,,txt,readme,,,2026-09-23,
ART-000023,,564,README.md,,md,readme,,,2026-09-23,
ART-000024,,2065864,SDC.txt,,txt,data,,,2026-09-23,
ART-000025,,93297,EAC001.pdf,,pdf,data,,,2026-09-23,
ART-000026,,143862,EAC026.pdf,,pdf,data,,,2026-09-23,
ART-000027,,200897,License_Agreement.pdf,,pdf,data,,,2026-09-23,
ART-000028,,245586,EMALAC_License_Agreement.pdf,,pdf,data,,,2026-09-23,
ART-000029,,118996,EMALAC_emalac006.cha.pdf,,pdf,data,,,2026-09-23,
ART-000030,,224,SOURCE_INFO.txt,,txt,readme,,,2026-09-23,
ART-000031,,198,SOURCE_INFO.txt,,txt,readme,,,2026-09-23,
ART-000032,,1723,ARABIC_GULF_SPOKEN.json,,json,data,,,2026-09-23,
ART-000033,,190,SOURCE_INFO.txt,,txt,readme,,,2026-09-23,
ART-000034,,1385,KUWAITI_ARABIC.json,,json,data,,,2026-09-23,
ART-000035,,277,SOURCE_INFO.txt,,txt,readme,,,2026-09-23,
ART-000036,,1211,README.md,,md,readme,,,2026-09-23,
ART-000037,,2585222,eng_msa_omani_parallel_8k.tsv,,tsv,data,,,2026-09-23,
ART-000038,,326,SOURCE_INFO.txt,,txt,readme,,,2026-09-23,
ART-000039,,675,README.md,,md,readme,,,2026-09-23,
ART-000040,,153893220,audiofiles.zip,,zip,archive,,,2026-09-23,
ART-000041,,110587,transcriptions.tsv,,tsv,data,,,2026-09-23,
ART-000042,,287,SOURCE_INFO.txt,,txt,readme,,,2026-09-23,
ART-000043,,1495,README.md,,md,readme,,,2026-09-23,
ART-000044,,519596202,train-00000-of-00038.parquet,,parquet,data,,,2026-09-23,
ART-000045,,600225791,train-00001-of-00038.parquet,,parquet,data,,,2026-09-23,
ART-000046,,1392318912,train-00002-of-00038.parquet,,parquet,data,,,2026-09-23,
ART-000047,,1142720262,train-00003-of-00038.parquet,,parquet,data,,,2026-09-23,
ART-000048,,350076037,train-00004-of-00038.parquet,,parquet,data,,,2026-09-23,
ART-000049,,411274087,train-00005-of-00038.parquet,,parquet,data,,,2026-09-23,
ART-000050,,521831989,train-00006-of-00038.parquet,,parquet,data,,,2026-09-23,
ART-000051,,446799589,train-00007-of-00038.parquet,,parquet,data,,,2026-09-23,
ART-000052,,437340339,train-00008-of-00038.parquet,,parquet,data,,,2026-09-23,
ART-000053,,456969428,train-00009-of-00038.parquet,,parquet,data,,,2026-09-23,
ART-000054,,474431609,train-00010-of-00038.parquet,,parquet,data,,,2026-09-23,
ART-000055,,552821208,train-00011-of-00038.parquet,,parquet,data,,,2026-09-23,
ART-000056,,455338722,train-00012-of-00038.parquet,,parquet,data,,,2026-09-23,
ART-000057,,452880304,train-00013-of-00038.parquet,,parquet,data,,,2026-09-23,
ART-000058,,509421231,train-00014-of-00038.parquet,,parquet,data,,,2026-09-23,
ART-000059,,486508899,train-00015-of-00038.parquet,,parquet,data,,,2026-09-23,
ART-000060,,465037399,train-00016-of-00038.parquet,,parquet,data,,,2026-09-23,
ART-000061,,499693211,train-00017-of-00038.parquet,,parquet,data,,,2026-09-23,
ART-000062,,517357540,train-00018-of-00038.parquet,,parquet,data,,,2026-09-23,
ART-000063,,491713687,train-00019-of-00038.parquet,,parquet,data,,,2026-09-23,
ART-000064,,463075395,train-00020-of-00038.parquet,,parquet,data,,,2026-09-23,
ART-000065,,473707459,train-00021-of-00038.parquet,,parquet,data,,,2026-09-23,
ART-000066,,403396540,train-00022-of-00038.parquet,,parquet,data,,,2026-09-23,
ART-000067,,377377866,train-00023-of-00038.parquet,,parquet,data,,,2026-09-23,
ART-000068,,403600256,train-00024-of-00038.parquet,,parquet,data,,,2026-09-23,
ART-000069,,475484542,train-00025-of-00038.parquet,,parquet,data,,,2026-09-23,
ART-000070,,457439795,train-00026-of-00038.parquet,,parquet,data,,,2026-09-23,
ART-000071,,412557637,train-00027-of-00038.parquet,,parquet,data,,,2026-09-23,
ART-000072,,438456553,train-00028-of-00038.parquet,,parquet,data,,,2026-09-23,
ART-000073,,439298125,train-00029-of-00038.parquet,,parquet,data,,,2026-09-23,
ART-000074,,414434430,train-00030-of-00038.parquet,,parquet,data,,,2026-09-23,
ART-000075,,411184350,train-00031-of-00038.parquet,,parquet,data,,,2026-09-23,
ART-000076,,415535770,train-00032-of-00038.parquet,,parquet,data,,,2026-09-23,
ART-000077,,395885183,train-00033-of-00038.parquet,,parquet,data,,,2026-09-23,
ART-000078,,402846223,train-00034-of-00038.parquet,,parquet,data,,,2026-09-23,
ART-000079,,416770143,train-00035-of-00038.parquet,,parquet,data,,,2026-09-23,
ART-000080,,444812216,train-00036-of-00038.parquet,,parquet,data,,,2026-09-23,
ART-000081,,435641315,train-00037-of-00038.parquet,,parquet,data,,,2026-09-23,
ART-000082,,370857360,validation-00000-of-00006.parquet,,parquet,data,,,2026-09-23,
ART-000083,,688523147,validation-00001-of-00006.parquet,,parquet,data,,,2026-09-23,
ART-000084,,502690380,validation-00002-of-00006.parquet,,parquet,data,,,2026-09-23,
ART-000085,,484258548,validation-00003-of-00006.parquet,,parquet,data,,,2026-09-23,
ART-000086,,457354461,validation-00004-of-00006.parquet,,parquet,data,,,2026-09-23,
ART-000087,,399013987,validation-00005-of-00006.parquet,,parquet,data,,,2026-09-23,
ART-000088,,304,SOURCE_INFO.txt,,txt,readme,,,2026-09-23,
ART-000089,,182785,dev-00000-of-00001.parquet,,parquet,data,,,2026-09-23,
ART-000090,,195923,test-00000-of-00001.parquet,,parquet,data,,,2026-09-23,
ART-000091,,495628,train-00000-of-00001.parquet,,parquet,data,,,2026-09-23,
ART-000092,,179001,dev-00000-of-00001.parquet,,parquet,data,,,2026-09-23,
ART-000093,,180468,test-00000-of-00001.parquet,,parquet,data,,,2026-09-23,
ART-000094,,820672,train-00000-of-00001.parquet,,parquet,data,,,2026-09-23,
ART-000095,,183780,dev-00000-of-00001.parquet,,parquet,data,,,2026-09-23,
ART-000096,,177177,test-00000-of-00001.parquet,,parquet,data,,,2026-09-23,
ART-000097,,1348760,train-00000-of-00001.parquet,,parquet,data,,,2026-09-23,
ART-000098,,179527,test-00000-of-00001.parquet,,parquet,data,,,2026-09-23,
ART-000099,,197300,dev-00000-of-00001.parquet,,parquet,data,,,2026-09-23,
ART-000100,,187618,test-00000-of-00001.parquet,,parquet,data,,,2026-09-23,
ART-000101,,419228,train-00000-of-00001.parquet,,parquet,data,,,2026-09-23,
ART-000102,,184846,dev-00000-of-00001.parquet,,parquet,data,,,2026-09-23,
ART-000103,,186861,test-00000-of-00001.parquet,,parquet,data,,,2026-09-23,
ART-000104,,846049,train-00000-of-00001.parquet,,parquet,data,,,2026-09-23,
ART-000105,,185164,dev-00000-of-00001.parquet,,parquet,data,,,2026-09-23,
ART-000106,,184706,test-00000-of-00001.parquet,,parquet,data,,,2026-09-23,
ART-000107,,965795,train-00000-of-00001.parquet,,parquet,data,,,2026-09-23,
ART-000108,,188491,dev-00000-of-00001.parquet,,parquet,data,,,2026-09-23,
ART-000109,,191758,test-00000-of-00001.parquet,,parquet,data,,,2026-09-23,
ART-000110,,2311269,train-00000-of-00001.parquet,,parquet,data,,,2026-09-23,
ART-000111,,25238,README.md,,md,readme,,,2026-09-23,
ART-000112,,193165,dev-00000-of-00001.parquet,,parquet,data,,,2026-09-23,
ART-000113,,185765,test-00000-of-00001.parquet,,parquet,data,,,2026-09-23,
ART-000114,,1339966,train-00000-of-00001.parquet,,parquet,data,,,2026-09-23,
ART-000115,,187219,test-00000-of-00001.parquet,,parquet,data,,,2026-09-23,
ART-000116,,185817,dev-00000-of-00001.parquet,,parquet,data,,,2026-09-23,
ART-000117,,181209,test-00000-of-00001.parquet,,parquet,data,,,2026-09-23,
ART-000118,,942006,train-00000-of-00001.parquet,,parquet,data,,,2026-09-23,
ART-000119,,183782,dev-00000-of-00001.parquet,,parquet,data,,,2026-09-23,
ART-000120,,186815,test-00000-of-00001.parquet,,parquet,data,,,2026-09-23,
ART-000121,,326630,train-00000-of-00001.parquet,,parquet,data,,,2026-09-23,
ART-000122,,188675,dev-00000-of-00001.parquet,,parquet,data,,,2026-09-23,
ART-000123,,177593,test-00000-of-00001.parquet,,parquet,data,,,2026-09-23,
ART-000124,,487842,train-00000-of-00001.parquet,,parquet,data,,,2026-09-23,
ART-000125,,2082518,alexandria-creation-workflow.webp,,webp,metadata,,,2026-09-23,
ART-000126,,1774818,alexandria_overview.png,,png,metadata,,,2026-09-23,
ART-000127,,305,SOURCE_INFO.txt,,txt,readme,,,2026-09-23,
ART-000128,,4168,README.md,,md,readme,,,2026-09-23,
ART-000129,,1236779129,test-00000-of-00001.parquet,,parquet,data,,,2026-09-23,
ART-000130,,993045336,train-00000-of-00028.parquet,,parquet,data,,,2026-09-23,
ART-000131,,1195779606,train-00001-of-00028.parquet,,parquet,data,,,2026-09-23,
ART-000132,,1540370185,train-00002-of-00028.parquet,,parquet,data,,,2026-09-23,
ART-000133,,1357865487,train-00003-of-00028.parquet,,parquet,data,,,2026-09-23,
ART-000134,,1352189943,train-00004-of-00028.parquet,,parquet,data,,,2026-09-23,
ART-000135,,1545274640,train-00005-of-00028.parquet,,parquet,data,,,2026-09-23,
ART-000136,,1863542792,train-00006-of-00028.parquet,,parquet,data,,,2026-09-23,
ART-000137,,2078230468,train-00007-of-00028.parquet,,parquet,data,,,2026-09-23,
ART-000138,,1861834071,train-00008-of-00028.parquet,,parquet,data,,,2026-09-23,
ART-000139,,1860449593,train-00009-of-00028.parquet,,parquet,data,,,2026-09-23,
ART-000140,,1703371646,train-00010-of-00028.parquet,,parquet,data,,,2026-09-23,
ART-000141,,1886610214,train-00011-of-00028.parquet,,parquet,data,,,2026-09-23,
ART-000142,,1709042350,train-00012-of-00028.parquet,,parquet,data,,,2026-09-23,
ART-000143,,1763908317,train-00013-of-00028.parquet,,parquet,data,,,2026-09-23,
ART-000144,,1863491265,train-00014-of-00028.parquet,,parquet,data,,,2026-09-23,
ART-000145,,1768632030,train-00015-of-00028.parquet,,parquet,data,,,2026-09-23,
ART-000146,,2041020642,train-00016-of-00028.parquet,,parquet,data,,,2026-09-23,
ART-000147,,1844970826,train-00017-of-00028.parquet,,parquet,data,,,2026-09-23,
ART-000148,,1778408275,train-00018-of-00028.parquet,,parquet,data,,,2026-09-23,
ART-000149,,1883486341,train-00019-of-00028.parquet,,parquet,data,,,2026-09-23,
ART-000150,,1871677029,train-00020-of-00028.parquet,,parquet,data,,,2026-09-23,
ART-000151,,1868892663,train-00021-of-00028.parquet,,parquet,data,,,2026-09-23,
ART-000152,,1369969139,train-00022-of-00028.parquet,,parquet,data,,,2026-09-23,
ART-000153,,1797683148,train-00023-of-00028.parquet,,parquet,data,,,2026-09-23,
ART-000154,,1866806067,train-00024-of-00028.parquet,,parquet,data,,,2026-09-23,
ART-000155,,1883282834,train-00025-of-00028.parquet,,parquet,data,,,2026-09-23,
ART-000156,,1779360536,train-00026-of-00028.parquet,,parquet,data,,,2026-09-23,
ART-000157,,1779280616,train-00027-of-00028.parquet,,parquet,data,,,2026-09-23,
ART-000158,,573747285,validation-00000-of-00002.parquet,,parquet,data,,,2026-09-23,
ART-000159,,482165330,validation-00001-of-00002.parquet,,parquet,data,,,2026-09-23,
ART-000160,,2504,.gitattributes,,,metadata,,,2026-09-23,
ART-000161,,2530,README.md,,md,readme,,,2026-09-23,
ART-000162,,66196,gulf_dialect_dataset.csv,,csv,data,,,2026-09-23,
ART-000163,,1782,PROFILE.json,,json,data,,,2026-09-23,
ART-000164,,671,SOURCE_INFO.txt,,txt,readme,,,2026-09-23,
ART-000165,,426,ajman_inquiries_suggestions.csv,,csv,data,,,2026-09-23,
ART-000166,,59515,DUBAI_PROFILE.json,,json,data,,,2026-09-23,
ART-000167,,1400,SOURCE_INFO.txt,,txt,readme,,,2026-09-23,
ART-000168,,3630,are_dubai_abc_almanar_hotel_apartment,,,metadata,,,2026-09-23,
ART-000169,,37319,are_dubai_admiral_plaza_hotel,,,metadata,,,2026-09-23,
ART-000170,,10856,are_dubai_al_bustan_centre_residence,,,metadata,,,2026-09-23,
ART-000171,,75877,are_dubai_al_bustan_rotana_dubai,,,metadata,,,2026-09-23,
ART-000172,,10589,are_dubai_al_hijaz_heritage_motel,,,metadata,,,2026-09-23,
ART-000173,,5249,are_dubai_al_jawhara_gardens_hotel,,,metadata,,,2026-09-23,
ART-000174,,10402,are_dubai_al_khaleej_hotel,,,metadata,,,2026-09-23,
ART-000175,,5478,are_dubai_al_khaleej_palace_hotel,,,metadata,,,2026-09-23,
ART-000176,,153109,are_dubai_al_maha_desert_resort,,,metadata,,,2026-09-23,
ART-000177,,112195,are_dubai_al_manzil_hotel,,,metadata,,,2026-09-23,
ART-000178,,53970,are_dubai_al_murooj_rotana_dubai,,,metadata,,,2026-09-23,
ART-000179,,369582,are_dubai_al_qasr_at_madinat_jumeirah,,,metadata,,,2026-09-23,
ART-000180,,2590,are_dubai_ambassador_hotel,,,metadata,,,2026-09-23,
ART-000181,,16517,are_dubai_angsana_dubai,,,metadata,,,2026-09-23,
ART-000182,,32454,are_dubai_arabian_court_at_one_and_only_royal_mirage,,,metadata,,,2026-09-23,
ART-000183,,345522,are_dubai_arabian_courtyard_hotel_spa,,,metadata,,,2026-09-23,
ART-000184,,12965,are_dubai_arabian_dreams_hotel_apartments,,,metadata,,,2026-09-23,
ART-000185,,51125,are_dubai_arabian_park_hotel,,,metadata,,,2026-09-23,
ART-000186,,17286,are_dubai_arjaan_dubai_media_city,,,metadata,,,2026-09-23,
ART-000187,,20858,are_dubai_ascot_hotel,,,metadata,,,2026-09-23,
ART-000188,,3583,are_dubai_astoria_hotel,,,metadata,,,2026-09-23,
ART-000189,,578594,are_dubai_atlantis_the_palm,,,metadata,,,2026-09-23,
ART-000190,,12834,are_dubai_avari_dubai_hotel,,,metadata,,,2026-09-23,
ART-000191,,5215,are_dubai_baniyas_square_by_le_meridien,,,metadata,,,2026-09-23,
ART-000192,,10493,are_dubai_beit_al_bahar,,,metadata,,,2026-09-23,
ART-000193,,3879,are_dubai_belvedere_court_hotel_apartments,,,metadata,,,2026-09-23,
ART-000194,,41741,are_dubai_bonnington_jumeirah_lakes_towers,,,metadata,,,2026-09-23,
ART-000195,,408805,are_dubai_burj_al_arab,,,metadata,,,2026-09-23,
ART-000196,,38537,are_dubai_burjuman_arjaan_dubai,,,metadata,,,2026-09-23,
ART-000197,,7936,are_dubai_capitol_hotel,,,metadata,,,2026-09-23,
ART-000198,,13873,are_dubai_chelsea_hotel,,,metadata,,,2026-09-23,
ART-000199,,18504,are_dubai_chelsea_tower_hotel_apartments,,,metadata,,,2026-09-23,
ART-000200,,20949,are_dubai_city_centre_hotel_residence,,,metadata,,,2026-09-23,
ART-000201,,2312,are_dubai_city_seasons_hotel,,,metadata,,,2026-09-23,
ART-000202,,4614,are_dubai_city_seasons_suites,,,metadata,,,2026-09-23,
ART-000203,,4773,are_dubai_city_star_hotel,,,metadata,,,2026-09-23,
ART-000204,,4019,are_dubai_city_tower_hotel_aparments,,,metadata,,,2026-09-23,
ART-000205,,7337,are_dubai_claridge_hotel,,,metadata,,,2026-09-23,
ART-000206,,3606,are_dubai_comfort_inn_hotel,,,metadata,,,2026-09-23,
ART-000207,,11876,are_dubai_copthorne_hotel_dubai,,,metadata,,,2026-09-23,
ART-000208,,5228,are_dubai_coral_al_khoory_hotel_apartments,,,metadata,,,2026-09-23,
ART-000209,,2869,are_dubai_coral_boutique_hotel_apartments,,,metadata,,,2026-09-23,
ART-000210,,39221,are_dubai_coral_deira_dubai,,,metadata,,,2026-09-23,
ART-000211,,13320,are_dubai_coral_oriental_dubai,,,metadata,,,2026-09-23,
ART-000212,,26610,are_dubai_courtyard_by_marriott_green_community_dubai,,,metadata,,,2026-09-23,
ART-000213,,114994,are_dubai_crowne_plaza_dubai_festival_city,,,metadata,,,2026-09-23,
ART-000214,,65486,are_dubai_crowne_plaza_hotel_dubai,,,metadata,,,2026-09-23,
ART-000215,,310718,are_dubai_dar_al_masyaf_at_madinat_jumeirah,,,metadata,,,2026-09-23,
ART-000216,,12181,are_dubai_deira_town_hotel,,,metadata,,,2026-09-23,
ART-000217,,10085,are_dubai_delmon_hotel,,,metadata,,,2026-09-23,
ART-000218,,23528,are_dubai_desert_palm_resort_spa,,,metadata,,,2026-09-23,
ART-000219,,48461,are_dubai_dhow_palace_hotel,,,metadata,,,2026-09-23,
ART-000220,,10749,are_dubai_dolphin_hotel_apartments,,,metadata,,,2026-09-23,
ART-000221,,13999,are_dubai_dream_palace_hotel,,,metadata,,,2026-09-23,
ART-000222,,2748,are_dubai_dubai_concorde_residence_hotel,,,metadata,,,2026-09-23,
ART-000223,,18841,are_dubai_dubai_grand_hotel,,,metadata,,,2026-09-23,
ART-000224,,33275,are_dubai_dubai_international_hotel,,,metadata,,,2026-09-23,
ART-000225,,3003,are_dubai_dubai_marina_the_waves,,,metadata,,,2026-09-23,
ART-000226,,80095,are_dubai_dubai_marine_beach_resort_and_spa,,,metadata,,,2026-09-23,
ART-000227,,8637,are_dubai_dubai_marriott_harbour_hotel_suites,,,metadata,,,2026-09-23,
ART-000228,,13295,are_dubai_dubai_nova_hotel,,,metadata,,,2026-09-23,
ART-000229,,43977,are_dubai_dusit_thani_dubai,,,metadata,,,2026-09-23,
ART-000230,,9786,are_dubai_emirates_concorde_hotel_residence,,,metadata,,,2026-09-23,
ART-000231,,5502,are_dubai_emirates_stars_hotel_apartments,,,metadata,,,2026-09-23,
ART-000232,,3399,are_dubai_excelsior_creek,,,metadata,,,2026-09-23,
ART-000233,,4638,are_dubai_flora_creek_hotel_apartments,,,metadata,,,2026-09-23,
ART-000234,,43905,are_dubai_flora_grand_hotel,,,metadata,,,2026-09-23,
ART-000235,,4249,are_dubai_flora_park_hotel_apartments,,,metadata,,,2026-09-23,
ART-000236,,6484,are_dubai_fortune_hotel,,,metadata,,,2026-09-23,
ART-000237,,40403,are_dubai_four_points_by_sheraton_bur_dubai,,,metadata,,,2026-09-23,
ART-000238,,108096,are_dubai_four_points_by_sheraton_downtown_dubai,,,metadata,,,2026-09-23,
ART-000239,,106719,are_dubai_four_points_by_sheraton_sheikh_zayed_road_dubai,,,metadata,,,2026-09-23,
ART-000240,,12589,are_dubai_gold_swiss_belhotel_dubai,,,metadata,,,2026-09-23,
ART-000241,,216075,are_dubai_golden_sands_hotel_apartments,,,metadata,,,2026-09-23,
ART-000242,,6901,are_dubai_golden_tulip_al_barsha,,,metadata,,,2026-09-23,
ART-000243,,185138,are_dubai_grand_hyatt_dubai,,,metadata,,,2026-09-23,
ART-000244,,9002,are_dubai_grand_hyatt_hotel_dubai,,,metadata,,,2026-09-23,
ART-000245,,2708,are_dubai_grand_midwest_express_hotel_apartments,,,metadata,,,2026-09-23,
ART-000246,,21973,are_dubai_grand_midwest_hotel_apartments,,,metadata,,,2026-09-23,
ART-000247,,9783,are_dubai_grand_millennium_dubai,,,metadata,,,2026-09-23,
ART-000248,,46834,are_dubai_grand_moov_hotel,,,metadata,,,2026-09-23,
ART-000249,,2085,are_dubai_grand_palace_hotel_apartments,,,metadata,,,2026-09-23,
ART-000250,,22051,are_dubai_grandeur_hotel,,,metadata,,,2026-09-23,
ART-000251,,410780,are_dubai_grosvenor_house_west_marina_beach_by_le_meridien_dubai,,,metadata,,,2026-09-23,
ART-000252,,393726,are_dubai_habtoor_grand_resort_spa,,,metadata,,,2026-09-23,
ART-000253,,13173,are_dubai_hallmark_hotel,,,metadata,,,2026-09-23,
ART-000254,,43579,are_dubai_hatta_fort_hotel,,,metadata,,,2026-09-23,
ART-000255,,18115,are_dubai_hawthorn_hotel_deira,,,metadata,,,2026-09-23,
ART-000256,,40332,are_dubai_highland_hotel,,,metadata,,,2026-09-23,
ART-000257,,220301,are_dubai_hilton_dubai_creek,,,metadata,,,2026-09-23,
ART-000258,,453486,are_dubai_hilton_dubai_jumeirah,,,metadata,,,2026-09-23,
ART-000259,,35605,are_dubai_holiday_inn_downtown_dubai,,,metadata,,,2026-09-23,
ART-000260,,40336,are_dubai_holiday_inn_dubai_al_barsha,,,metadata,,,2026-09-23,
ART-000261,,28621,are_dubai_holiday_inn_express_dubai_internet_city,,,metadata,,,2026-09-23,
ART-000262,,13374,are_dubai_holiday_inn_express_dubai_safa_park,,,metadata,,,2026-09-23,
ART-000263,,22349,are_dubai_hotel_eureka,,,metadata,,,2026-09-23,
ART-000264,,49464,are_dubai_hyatt_regency_dubai,,,metadata,,,2026-09-23,
ART-000265,,6832,are_dubai_ibis_al_barsha,,,metadata,,,2026-09-23,
ART-000266,,23472,are_dubai_ibis_deira_city_centre,,,metadata,,,2026-09-23,
ART-000267,,8244,are_dubai_ibis_mall_of_the_emirates,,,metadata,,,2026-09-23,
ART-000268,,57669,are_dubai_ibis_world_trade_centre_dubai,,,metadata,,,2026-09-23,
ART-000269,,12932,are_dubai_imperial_suites,,,metadata,,,2026-09-23,
ART-000270,,88874,are_dubai_intercontinental_dubai_festival_city,,,metadata,,,2026-09-23,
ART-000271,,361826,are_dubai_jebel_ali_golf_resort_spa,,,metadata,,,2026-09-23,
ART-000272,,91960,are_dubai_jebel_ali_palm_tree_court_spa,,,metadata,,,2026-09-23,
ART-000273,,7510,are_dubai_jonrad_hotel,,,metadata,,,2026-09-23,
ART-000274,,11925,are_dubai_jormand_hotel_apartments,,,metadata,,,2026-09-23,
ART-000275,,44895,are_dubai_jumeira_rotana,,,metadata,,,2026-09-23,
ART-000276,,128093,are_dubai_jumeirah_bab_al_shams_desert_resort_spa,,,metadata,,,2026-09-23,
ART-000277,,13599,are_dubai_jumeirah_beach_club_resort_and_spa,,,metadata,,,2026-09-23,
ART-000278,,668921,are_dubai_jumeirah_beach_hotel,,,metadata,,,2026-09-23,
ART-000279,,80093,are_dubai_jumeirah_emirates_towers_hotel,,,metadata,,,2026-09-23,
ART-000280,,66276,are_dubai_jw_marriott_hotel_dubai,,,metadata,,,2026-09-23,
ART-000281,,45809,are_dubai_k_porte_inn_hotel,,,metadata,,,2026-09-23,
ART-000282,,11526,are_dubai_karama_hotel,,,metadata,,,2026-09-23,
ART-000283,,62870,are_dubai_kempinski_hotel_mall_of_the_emirates,,,metadata,,,2026-09-23,
ART-000284,,2730,are_dubai_kirklees_hotel_apartment,,,metadata,,,2026-09-23,
ART-000285,,8273,are_dubai_la_maison_d_hotes,,,metadata,,,2026-09-23,
ART-000286,,9394,are_dubai_landmark_hotel,,,metadata,,,2026-09-23,
ART-000287,,24743,are_dubai_landmark_plaza_hotel,,,metadata,,,2026-09-23,
ART-000288,,7502,are_dubai_layia_oak_hotel_suites,,,metadata,,,2026-09-23,
ART-000289,,27150,are_dubai_le_meridien_al_sondos_suites,,,metadata,,,2026-09-23,
ART-000290,,61425,are_dubai_le_meridien_dar_al_sondos_hotel_apartments,,,metadata,,,2026-09-23,
ART-000291,,201839,are_dubai_le_meridien_dubai,,,metadata,,,2026-09-23,
ART-000292,,39036,are_dubai_le_meridien_fairway,,,metadata,,,2026-09-23,
ART-000293,,286599,are_dubai_le_meridien_mina_seyahi_beach_resort_and_marina,,,metadata,,,2026-09-23,
ART-000294,,47656,are_dubai_le_meridien_residence_deira,,,metadata,,,2026-09-23,
ART-000295,,457299,are_dubai_le_royal_meridien_beach_resort_spa,,,metadata,,,2026-09-23,
ART-000296,,5489,are_dubai_legacy_hotel_apartments,,,metadata,,,2026-09-23,
ART-000297,,8501,are_dubai_london_crown_apartments_1,,,metadata,,,2026-09-23,
ART-000298,,7509,are_dubai_lords_hotel,,,metadata,,,2026-09-23,
ART-000299,,9838,are_dubai_lotus_boutique_hotel,,,metadata,,,2026-09-23,
ART-000300,,7857,are_dubai_lotus_hotel_dubai,,,metadata,,,2026-09-23,
ART-000301,,53766,are_dubai_majestic_hotel,,,metadata,,,2026-09-23,
ART-000302,,29854,are_dubai_marco_polo_hotel,,,metadata,,,2026-09-23,
ART-000303,,7600,are_dubai_marriott_executive_apartments_dubai_creek,,,metadata,,,2026-09-23,
ART-000304,,14032,are_dubai_mayfair_hotel,,,metadata,,,2026-09-23,
ART-000305,,2187,are_dubai_media_one_hotel_dubai,,,metadata,,,2026-09-23,
ART-000306,,7229,are_dubai_media_rotana_barsha_dubai,,,metadata,,,2026-09-23,
ART-000307,,43545,are_dubai_metropolitan_hotel_deira,,,metadata,,,2026-09-23,
ART-000308,,92365,are_dubai_metropolitan_hotel_dubai,,,metadata,,,2026-09-23,
ART-000309,,60210,are_dubai_metropolitan_palace_hotel,,,metadata,,,2026-09-23,
ART-000310,,40035,are_dubai_millennium_airport_hotel_dubai,,,metadata,,,2026-09-23,
ART-000311,,551280,are_dubai_mina_a_salam_at_madinat_jumeirah,,,metadata,,,2026-09-23,
ART-000312,,2709,are_dubai_minc_hotel_apartments_tecom,,,metadata,,,2026-09-23,
ART-000313,,42859,are_dubai_moevenpick_hotel_bur_dubai,,,metadata,,,2026-09-23,
ART-000314,,2084,are_dubai_montreal_hotel,,,metadata,,,2026-09-23,
ART-000315,,10406,are_dubai_moscow_hotel,,,metadata,,,2026-09-23,
ART-000316,,3968,are_dubai_najd_hotel_apartments,,,metadata,,,2026-09-23,
ART-000317,,9713,are_dubai_new_penninsula_hotel,,,metadata,,,2026-09-23,
ART-000318,,14271,are_dubai_nihal_hotel,,,metadata,,,2026-09-23,
ART-000319,,27110,are_dubai_novotel_deira_city_centre,,,metadata,,,2026-09-23,
ART-000320,,71627,are_dubai_novotel_world_trade_centre_dubai,,,metadata,,,2026-09-23,
ART-000321,,4347,are_dubai_number_one_tower_suites,,,metadata,,,2026-09-23,
ART-000322,,13294,are_dubai_oaks_liwa_heights,,,metadata,,,2026-09-23,
ART-000323,,99467,are_dubai_oasis_beach_tower_apartments,,,metadata,,,2026-09-23,
ART-000324,,213778,are_dubai_one_only_royal_mirage,,,metadata,,,2026-09-23,
ART-000325,,11458,are_dubai_orchid_hotel,,,metadata,,,2026-09-23,
ART-000326,,9799,are_dubai_pacific_hotel,,,metadata,,,2026-09-23,
ART-000327,,23823,are_dubai_palm_beach_rotana_inn,,,metadata,,,2026-09-23,
ART-000328,,15214,are_dubai_panorama_deira,,,metadata,,,2026-09-23,
ART-000329,,11298,are_dubai_panorama_hotel_bur_dubai,,,metadata,,,2026-09-23,
ART-000330,,91909,are_dubai_park_hyatt_dubai,,,metadata,,,2026-09-23,
ART-000331,,15736,are_dubai_pearl_residence,,,metadata,,,2026-09-23,
ART-000332,,7278,are_dubai_premier_inn,,,metadata,,,2026-09-23,
ART-000333,,49507,are_dubai_qamardeen_hotel,,,metadata,,,2026-09-23,
ART-000334,,15128,are_dubai_queens_hotel,,,metadata,,,2026-09-23,
ART-000335,,95568,are_dubai_radisson_blu_hotel_dubai_deira_creek,,,metadata,,,2026-09-23,
ART-000336,,20522,are_dubai_radisson_blu_hotel_dubai_media_city,,,metadata,,,2026-09-23,
ART-000337,,14177,are_dubai_radisson_blu_residence_dubai_marina,,,metadata,,,2026-09-23,
ART-000338,,41980,are_dubai_raffles_dubai,,,metadata,,,2026-09-23,
ART-000339,,8932,are_dubai_ramada_continental_hotel,,,metadata,,,2026-09-23,
ART-000340,,20990,are_dubai_ramada_dubai,,,metadata,,,2026-09-23,
ART-000341,,32443,are_dubai_ramee_apartment_hotel,,,metadata,,,2026-09-23,
ART-000342,,3818,are_dubai_ramee_guestline_hotel,,,metadata,,,2026-09-23,
ART-000343,,3323,are_dubai_ramee_guestline_hotel_apartment_3,,,metadata,,,2026-09-23,
ART-000344,,6067,are_dubai_ramee_guestline_hotel_apartments_ii,,,metadata,,,2026-09-23,
ART-000345,,22511,are_dubai_regal_plaza_dubai,,,metadata,,,2026-09-23,
ART-000346,,55091,are_dubai_regent_beach_resort,,,metadata,,,2026-09-23,
ART-000347,,30522,are_dubai_regent_palace_hotel,,,metadata,,,2026-09-23,
ART-000348,,76275,are_dubai_renaissance_dubai_hotel,,,metadata,,,2026-09-23,
ART-000349,,29724,are_dubai_residence_and_spa_at_one_and_only_royal_mirage,,,metadata,,,2026-09-23,
ART-000350,,14967,are_dubai_richmond_hotel_apartments,,,metadata,,,2026-09-23,
ART-000351,,12466,are_dubai_rihab_rotana_dubai,,,metadata,,,2026-09-23,
ART-000352,,54362,are_dubai_rimal_rotana_dubai,,,metadata,,,2026-09-23,
ART-000353,,27565,are_dubai_riviera_hotel,,,metadata,,,2026-09-23,
ART-000354,,14280,are_dubai_rolla_residence,,,metadata,,,2026-09-23,
ART-000355,,7627,are_dubai_rose_garden_hotel_apartments,,,metadata,,,2026-09-23,
ART-000356,,24748,are_dubai_royal_ascot_hotel,,,metadata,,,2026-09-23,
ART-000357,,3456,are_dubai_royal_beach_hotel_resort,,,metadata,,,2026-09-23,
ART-000358,,42992,are_dubai_rydges_plaza_dubai,,,metadata,,,2026-09-23,
ART-000359,,6393,are_dubai_samaya_hotel_deira,,,metadata,,,2026-09-23,
ART-000360,,21728,are_dubai_san_marco_hotel,,,metadata,,,2026-09-23,
ART-000361,,4474,are_dubai_sapphire_hotel_apartments,,,metadata,,,2026-09-23,
ART-000362,,2434,are_dubai_savoy_crest_exclusive_hotel_apartments,,,metadata,,,2026-09-23,
ART-000363,,3152,are_dubai_savoy_park_apartments,,,metadata,,,2026-09-23,
ART-000364,,14023,are_dubai_savoy_suites,,,metadata,,,2026-09-23,
ART-000365,,9667,are_dubai_seashell_inn,,,metadata,,,2026-09-23,
ART-000366,,39634,are_dubai_seaview_hotel,,,metadata,,,2026-09-23,
ART-000367,,8348,are_dubai_seven_sands_hotel_apartments,,,metadata,,,2026-09-23,
ART-000368,,3946,are_dubai_shalimar_park_hotel,,,metadata,,,2026-09-23,
ART-000369,,87332,are_dubai_shangri_la_hotel,,,metadata,,,2026-09-23,
ART-000370,,47055,are_dubai_sheraton_deira_hotel,,,metadata,,,2026-09-23,
ART-000371,,93434,are_dubai_sheraton_dubai_creek_hotel_and_towers,,,metadata,,,2026-09-23,
ART-000372,,180743,are_dubai_sheraton_jumeirah_beach_resort_towers,,,metadata,,,2026-09-23,
ART-000373,,2126,are_dubai_sofitel_city_centre_hotel_dubai,,,metadata,,,2026-09-23,
ART-000374,,15382,are_dubai_st_george_hotel_dubai,,,metadata,,,2026-09-23,
ART-000375,,12610,are_dubai_star_boutique_hotel_apartment,,,metadata,,,2026-09-23,
ART-000376,,4424,are_dubai_star_boutique_hotel_apartments,,,metadata,,,2026-09-23,
ART-000377,,5995,are_dubai_star_metro_al_barsha,,,metadata,,,2026-09-23,
ART-000378,,7936,are_dubai_starmetro_deira_hotel_apartments,,,metadata,,,2026-09-23,
ART-000379,,6689,are_dubai_suitehotel_mall_of_the_emirates,,,metadata,,,2026-09-23,
ART-000380,,7053,are_dubai_sun_sands_hotel,,,metadata,,,2026-09-23,
ART-000381,,12356,are_dubai_symphony_hotel_apartments,,,metadata,,,2026-09-23,
ART-000382,,60402,are_dubai_taj_palace_hotel,,,metadata,,,2026-09-23,
ART-000383,,26298,are_dubai_tamani_hotel_marina,,,metadata,,,2026-09-23,
ART-000384,,92075,are_dubai_the_address_downtown_burj_dubai,,,metadata,,,2026-09-23,
ART-000385,,2972,are_dubai_the_baron_hotel_apartments,,,metadata,,,2026-09-23,
ART-000386,,12613,are_dubai_the_carlton_tower_hotel,,,metadata,,,2026-09-23,
ART-000387,,7175,are_dubai_the_country_club_hotel_dubai,,,metadata,,,2026-09-23,
ART-000388,,58376,are_dubai_the_fairmont_dubai,,,metadata,,,2026-09-23,
ART-000389,,11737,are_dubai_the_monarch_dubai,,,metadata,,,2026-09-23,
ART-000390,,271136,are_dubai_the_palace_at_one_only_royal_mirage,,,metadata,,,2026-09-23,
ART-000391,,50701,are_dubai_the_palace_the_old_town,,,metadata,,,2026-09-23,
ART-000392,,3471,are_dubai_the_place_deluxe_hotel_apartments,,,metadata,,,2026-09-23,
ART-000393,,165053,are_dubai_the_ritz_carlton_dubai,,,metadata,,,2026-09-23,
ART-000394,,50261,are_dubai_towers_rotana_dubai,,,metadata,,,2026-09-23,
ART-000395,,61866,are_dubai_traders_hotel_dubai,,,metadata,,,2026-09-23,
ART-000396,,5414,are_dubai_tulip_inn_fz_llc,,,metadata,,,2026-09-23,
ART-000397,,6879,are_dubai_vendome_plaza_hotel,,,metadata,,,2026-09-23,
ART-000398,,18833,are_dubai_versailles_hotel,,,metadata,,,2026-09-23,
ART-000399,,27902,are_dubai_villa_rotana_dubai,,,metadata,,,2026-09-23,
ART-000400,,321189,are_dubai_westin_dubai_mina_seyahi_beach_resort_marina,,,metadata,,,2026-09-23,
ART-000401,,22234,are_dubai_xclusive_hotel_apartments,,,metadata,,,2026-09-23,
ART-000402,,13181,are_dubai_york_international_hotel,,,metadata,,,2026-09-23,
ART-000403,,13953,are_dubai_zagy_arabian_suites,,,metadata,,,2026-09-23,
ART-000404,,79854,dubai.csv,,csv,data,,,2026-09-23,
ART-000405,,766857432,opinrank_all.zip,,zip,archive,,,2026-09-23,
ART-000406,,443,SOURCE_INFO.txt,,txt,readme,,,2026-09-23,
ART-000407,,1339,README.md,,md,readme,,,2026-09-23,
ART-000408,,108954292,all_shuffled.jsonl,,jsonl,data,,,2026-09-23,
ART-000409,,326,SOURCE_INFO.txt,,txt,readme,,,2026-09-23,
ART-000410,,3308,README.md,,md,readme,,,2026-09-23,
ART-000411,,50001699,train-00000-of-00001.parquet,,parquet,data,,,2026-09-23,
ART-000412,,550,SOURCE_INFO.txt,,txt,readme,,,2026-09-23,
ART-000413,,869193,peerj-cs-07-510-s002.xlsx,,xlsx,data,,,2026-09-23,
ART-000414,,1322,SOURCE_INFO.txt,,txt,readme,,,2026-09-23,
ART-000415,,2497632,balanced 1-5 Arabic dataset.csv,,csv,data,,,2026-09-23,
ART-000416,,1213251,balanced 1-5 english dataset.csv,,csv,data,,,2026-09-23,
ART-000417,,3835448,m-government apps Arabic reviews .csv,,csv,data,,,2026-09-23,
ART-000418,,1301448,m-government apps English reviews .csv,,csv,data,,,2026-09-23,
ART-000419,,846679,Bank reviews.csv,,csv,data,,,2026-09-23,
ART-000420,,570,SOURCE_INFO.txt,,txt,readme,,,2026-09-23,
ART-000421,,597,SOURCE_INFO.txt,,txt,readme,,,2026-09-23,
ART-000422,,1590816,talabat_dataset.xlsx,,xlsx,data,,,2026-09-23,
ART-000423,,2176300,GLARE.pdf,,pdf,data,,,2026-09-23,
ART-000424,,549,SOURCE_INFO.txt,,txt,readme,,,2026-09-23,
ART-000425,,8939790598,engineered.zip,,zip,archive,,,2026-09-23,
ART-000426,,7584803872,raw.zip,,zip,archive,,,2026-09-23,
ART-000427,,4972258,Banking77_full_corpus.csv,,csv,data,,,2026-09-23,
ART-000428,,4960,Banking77_intents.csv,,csv,data,,,2026-09-23,
ART-000429,,2292,LICENSE,,,licence,,,2026-09-23,
ART-000430,,7030,README.md,,md,readme,,,2026-09-23,
ART-000431,,893,SOURCE_INFO.txt,,txt,readme,,,2026-09-23,
ART-000432,,851,SOURCE_INFO.txt,,txt,readme,,,2026-09-23,
ART-000433,,86921358,User experience in Saudi mobile banking_ A comparative sentiment analysis of iOS and Android applications.zip,,zip,archive,,,2026-09-23,
ART-000434,,398,SOURCE_INFO.txt,,txt,readme,,,2026-09-23,
ART-000435,,7923,README.md,,md,readme,,,2026-09-23,
ART-000436,,256334,Final_data_shuffled.csv,,csv,data,,,2026-09-23,
ART-000437,,514,SOURCE_INFO.txt,,txt,readme,,,2026-09-23,
ART-000438,,515086,AURA-Classification-V2.csv,,csv,data,,,2026-09-23,
ART-000439,,7621,README.md,,md,readme,,,2026-09-23,
ART-000440,,252805,train-00000-of-00001.parquet,,parquet,data,,,2026-09-23,
ART-000441,,3925,README.md,,md,readme,,,2026-09-23,
ART-000442,,631068,train.csv,,csv,data,,,2026-09-23,
ART-000443,,3862,README.md,,md,readme,,,2026-09-23,
ART-000444,,2137765,train-00000-of-00001.parquet,,parquet,data,,,2026-09-23,
ART-000445,,346,SOURCE_INFO.txt,,txt,readme,,,2026-09-23,
ART-000446,,6707,README.md,,md,readme,,,2026-09-23,
ART-000447,,38040841,kudu_reviews_cleaned.parquet,,parquet,data,,,2026-09-23,
ART-000448,,1063,LICENSE,,,licence,,,2026-09-23,
ART-000449,,3390,README.md,,md,readme,,,2026-09-23,
ART-000450,,804,SOURCE_INFO.txt,,txt,readme,,,2026-09-23,
ART-000451,,1670634,SemEval2016_arabic.zip,,zip,archive,,,2026-09-23,
ART-000452,,578,SOURCE_INFO.txt,,txt,readme,,,2026-09-23,
ART-000453,,125720,cleaned01_fixed.xlsx,,xlsx,data,,,2026-09-23,
ART-000454,,1018,SOURCE_INFO.txt,,txt,readme,,,2026-09-23,
ART-000455,,3720,README.md,,md,readme,,,2026-09-23,
ART-000456,,380409,golden_data_set_processed_google_reviews.xlsx,,xlsx,data,,,2026-09-23,
ART-000457,,1066,LICENSE,,,licence,,,2026-09-23,
ART-000458,,604888,Saudi_Tourism_Reviews_Sentiment_Dataset.csv,,csv,data,,,2026-09-23,
ART-000459,,740,SOURCE_INFO.txt,,txt,readme,,,2026-09-23,
ART-000460,,729,UPSTREAM_README.md,,md,readme,,,2026-09-23,
ART-000461,,8695161,apps_ar_reviews_dataset.csv,,csv,data,,,2026-09-23,
ART-000462,,2563,.gitattributes,,,metadata,,,2026-09-23,
ART-000463,,9206,README.md,,md,readme,,,2026-09-23,
ART-000464,,23747,adversarial_test_set.csv,,csv,data,,,2026-09-23,
ART-000465,,15540,ambience_keywords.json,,json,data,,,2026-09-23,
ART-000466,,4174039,annotations_hard_ambience_candidates.csv,,csv,data,,,2026-09-23,
ART-000467,,1810738,annotations_hard_hard_negative_candidates.csv,,csv,data,,,2026-09-23,
ART-000468,,1666984,annotations_hard_review_needed.csv,,csv,data,,,2026-09-23,
ART-000469,,127301,annotations_qaym_ambience_candidates.csv,,csv,data,,,2026-09-23,
ART-000470,,359531,annotations_qaym_hard_negative_candidates.csv,,csv,data,,,2026-09-23,
ART-000471,,452927,annotations_qaym_review_needed.csv,,csv,data,,,2026-09-23,
ART-000472,,9223,boundary_examples.csv,,csv,data,,,2026-09-23,
ART-000473,,22384908,complaints_labeled.csv,,csv,data,,,2026-09-23,
ART-000474,,5654,BOUNDARIES.md,,md,metadata,,,2026-09-23,
ART-000475,,6392,DATA_SCHEMA.md,,md,metadata,,,2026-09-23,
ART-000476,,5031,DATA_SOURCES.md,,md,metadata,,,2026-09-23,
ART-000477,,4742,REPRODUCE.md,,md,metadata,,,2026-09-23,
ART-000478,,7265362,production_labels_only.csv,,csv,data,,,2026-09-23,
ART-000479,,49353,synthetic_contrastive_pairs.csv,,csv,data,,,2026-09-23,
ART-000480,,2504,.gitattributes,,,metadata,,,2026-09-23,
ART-000481,,13205,README.md,,md,readme,,,2026-09-23,
ART-000482,,1179694,niyyah_test_split.csv,,csv,data,,,2026-09-23,
ART-000483,,5497805,niyyah_train_split.csv,,csv,data,,,2026-09-23,
ART-000484,,1175619,niyyah_val_split.csv,,csv,data,,,2026-09-23,
ART-000485,,2521,.gitattributes,,,metadata,,,2026-09-23,
ART-000486,,1517,README.md,,md,readme,,,2026-09-23,
ART-000487,,273703774,eou_dataset_clean.jsonl,,jsonl,data,,,2026-09-23,
ART-000488,,2504,.gitattributes,,,metadata,,,2026-09-23,
ART-000489,,29987,README.md,,md,readme,,,2026-09-23,
ART-000490,,32377,genres-small.png,,png,metadata,,,2026-09-23,
ART-000491,,55409,genres.png,,png,metadata,,,2026-09-23,
ART-000492,,418788,pipeline.png,,png,metadata,,,2026-09-23,
ART-000493,,180976,results.png,,png,metadata,,,2026-09-23,
ART-000494,,144076,table-final.png,,png,metadata,,,2026-09-23,
ART-000495,,1816691,test-00000-of-00001.parquet,,parquet,data,,,2026-09-23,
ART-000496,47481e607c27a32635818032a92c77aaf8790b397d5ecb1ad97dd98e6263a7ee,173146,alyah_test.parquet,,parquet,data,,,2026-09-23,
ART-000497,385a29aa4737335d6431768546aaaf7ecf848dfd4bef460c7e3358168c73c9b3,7977135,morphology_db_calima-glf-01-0.1.0.zip,,zip,archive,,,2026-09-23,
ART-000498,3855e90119e837f50fa51d9afabd87b82b8f72f89c216a012876f240919771e3,449,SHA256SUMS.txt,,txt,data,,,2026-09-23,
ART-000499,246192bc114718d6b75ea1fbac6b1d9fcadfed1f9ab79309406d33f77d0e9429,829,SOURCE_INFO.txt,,txt,readme,,,2026-09-23,
ART-000500,d155fb84181a615d536a0ee54b856f491411b86f3e58a069dfa4304019e404db,1406528,unimorph_afb.args.tsv,,tsv,data,,,2026-09-23,
ART-000501,c7f6f1aa8070c9811be9c69c4f5ed33df70b86c3d29d6c78b177322abc298eb4,163928,unimorph_afb.gloss.tsv,,tsv,data,,,2026-09-23,
ART-000502,525d5e9bd66d0213cfbdbcee8277eb3e50bd3682c6277fdb489780154acccec7,1336739,unimorph_afb.tsv,,tsv,data,,,2026-09-23,
ART-000503,1349a4b6148492b44f629e64eed676612e234fe9a839e4f3b277c1482c8849f1,20849,MIXAT_LICENSE.txt,,txt,licence,,,2026-09-23,
ART-000504,79e3d196410606de2cf72e683bfb235264e98a616ff32309664c9576a2e8a37c,1107325,mixat_metadata_original.csv,,csv,data,,,2026-09-23,
ART-000505,49fb5b772e2f357e22acf13a8f3f9c8b1ac4c5a3355dea65917d24952af3854e,3198,MIXAT_README.md,,md,readme,,,2026-09-23,
ART-000506,a56e5607cc9a0c72019734ddc019067e3c1c4f786d92d3faa29b512962928bf3,614,MIXAT_TEXT_INFO.txt,,txt,data,,,2026-09-23,
ART-000507,fcee9aa0810930659092338afe2de0b8098dcf254c87ea07ee36a9f969aeb06f,260,SHA256SUMS.txt,,txt,data,,,2026-09-23,
ART-000508,73cb471ee31156e7805a894663e5e227b8ababb728d8dcd8dee2fc360e9439a4,2182893,ferasmad-arabic-restaurant-annotation-assets.tar.gz,,gz,archive,,,2026-09-23,
ART-000509,2507e604c6164c163d3f5b539eb2fa224a0466d07f1f468614df666e10fb0fa6,85488,saudi-arabic-cs-conversations-sample.tar.gz,,gz,archive,,,2026-09-23,
ART-000510,f42eda2b8df90953c8bfdf969d51080962273cc10b463212b74c9a408973f266,322,SHA256SUMS.txt,,txt,data,,,2026-09-23,
ART-000511,7e3377e331c1af7473e659b1347b9c41c4e29b4b2da033338535957981cee8f8,1510,SOURCE_INFO.txt,,txt,readme,,,2026-09-23,
ART-000512,0485244195cab5707996852805b310b8ec664ba0f4e166d6cb045c02d4a43357,2381259,voho-saudi-dialogues.tar.gz,,gz,archive,,,2026-09-23,
ART-000513,a465fbc3c5a2a148586ef9974f1142437a9f701d0f3765b50da246adc7cdb1dc,209876368,AE.tar.xz,,xz,archive,,,2026-09-23,
ART-000514,d9b6478a451d0cabd95590ccee80bddb82033cde51de1060a94bf25654390cf3,8720652,BA.tar.xz,,xz,archive,,,2026-09-23,
ART-000515,99bcbc299181005db1067dae8ba2eb398794bc84c76bd8b7fa85a8cbfc2465e7,111364732,KW.tar.xz,,xz,archive,,,2026-09-23,
ART-000516,f0a507cea84c9d2b9309897e505699159ec03d55765b8d0eaade233a13eb0014,13222224,MIXED_GA.tar.xz,,xz,archive,,,2026-09-23,
ART-000517,298dbec06f3adf58917af59bcff0e00036245eae51c2a8eed67c26e9d800c778,25576228,OM.tar.xz,,xz,archive,,,2026-09-23,
ART-000518,08f0829b7a3205531e651546dbad31362b96d7dd09aba3aceaaf8ddff52c5bc3,19876232,QA.tar.xz,,xz,archive,,,2026-09-23,
ART-000519,428f029dceced78d0cc17526628fa6eaea385f691e3756ac84a7b87badcb6f94,1121142716,SA.tar.xz,,xz,archive,,,2026-09-23,
ART-000520,d0418b8c2448bdb0c1a5e6dcb76904e951992f2b4e75ba5639c3c951a1cf6ed1,619,SHA256SUMS.txt,,txt,data,,,2026-09-23,
ART-000521,54ae69fa3b4f1d214633a95e926927b07d0a021ac69b83dd20c9587796708966,449,SOURCE_INFO.txt,,txt,readme,,,2026-09-23,
ART-000522,eb92cf809bdb454fac531d9bfa90e7b4ad690b89b8bb56aedc5a92b52e7c68f7,168061440,UNID_GA.tar.xz,,xz,archive,,,2026-09-23,
ART-000523,9c01583810f37152a734197c3bf80b6cf9c6d129be25c9e1eac27bc0cd91af74,426961,Banking77_Arabized_Saudi_test.csv,,csv,data,,,2026-09-23,
ART-000524,aaba4ba1e0f8471e4594c1e2c6122d3b97f864bda7b587b360e6a41f44269c93,4960,Banking77_intents.csv,,csv,data,,,2026-09-23,
ART-000525,37a96d89cfc6fac615959f9a3df436435e4d9da27fb41faa71ff0ae9ae1b930a,50891,A3.txt,,txt,data,,,2026-09-23,
ART-000526,f2d4ab9ff4eb7b3f233d061090b17267eb3b08a1398959ca1d3082c254835fb8,598,PROFILE.json,,json,data,,,2026-09-23,
ART-000527,21f46b982f7004bdf85f6aadc944a3f47d771238308746d6556c38367e4a31c6,16385,README.md,,md,readme,,,2026-09-23,
ART-000528,c755c8a44d2a919e4db54a5da5d378aef15943786213da5ed68ed27768c836a7,541,SOURCE_INFO.md,,md,readme,,,2026-09-23,
ART-000529,33f8c0e1c449f5c593e9acc2d8715175271d8ce5f823963d9d1a757a43b7b7b5,5832,dataexplanation.txt,,txt,data,,,2026-09-23,
ART-000530,6f6589a941e55f957aa08e11cc13bec528b77e31a7393ed98cea45f2272ec2eb,162805,Gumar_Info.tsv,,tsv,data,,,2026-09-23,
ART-000531,1550436157315c9cc85937fc0d88d8355e42b97b45bd57141b93a0dc90a6917a,2248,SOURCE_INFO.md,,md,readme,,,2026-09-23,
ART-000532,f5338b1bad9d166fcf02a7b7c851a4a9113afaa239e89153b15d2add83084a04,16203,README.md,,md,readme,,,2026-09-23,
ART-000533,589a2cc92c1e4f677f2437191177fc8954ea4f50243b6c0d712288996d020eda,24886,all.jsonl,,jsonl,data,,,2026-09-23,
ART-000534,edd6c4642e620294b11b61592e59b0e6ba1e52f656c6afd5ace3bf5e2b7f8457,420,conversation_pairs.jsonl,,jsonl,data,,,2026-09-23,
ART-000535,32e993713dd0bf714c04dc6fff1df468295ed8f3da73190c338633c78df96fc1,21641,dialect.jsonl,,jsonl,data,,,2026-09-23,
ART-000536,dd7c4ed7765bc3c35d04bf1fd47cfc68b65ba4111d82a0805f411c0863dd2571,857,formality_transfer.jsonl,,jsonl,data,,,2026-09-23,
ART-000537,906453c1108bdd86c7ef67448342eb648ba6d8151034145b99ae1597a6f911e5,392,medical_dialect.jsonl,,jsonl,data,,,2026-09-23,
ART-000538,503b31bbabada6954182f7cd88a1debec57b941951eb39c3bdc95fd5de9503a3,420,named_entities_local.jsonl,,jsonl,data,,,2026-09-23,
ART-000539,6ef1697704df5dafe48ec7738f91583f75890ae8a4993fc9e8e253350e37eadf,395,slang.jsonl,,jsonl,data,,,2026-09-23,
ART-000540,0812e42bb08c6e4bb1f8b018f892a28b5af5de3dba68686cb7956cd4ed402ca0,425,tech_dialect.jsonl,,jsonl,data,,,2026-09-23,
ART-000541,fa30f070603b44c4efd35eb47658ed9ebef07b2d120c613768d63fac4cd24b65,336,vocabulary.jsonl,,jsonl,data,,,2026-09-23,
ART-000542,5579ec9de65220ee70380461e2ed8627533e5e01ab26aadad99596d8440e8517,917,metadata.json,,json,data,,,2026-09-23,
ART-000543,69ad03818f6841bca42837b109031d10103e5d01ef9b2cd043c3c62c84f32a1b,5645,manifest.json,,json,data,,,2026-09-23,
ART-000544,81b340341a506fbe803d653bf46bb28662ffc9a77981593713bda799437b6689,726,PROFILE.json,,json,data,,,2026-09-23,
ART-000545,213be8928da2ed937216791999e9dcc8feda1a2534dccb7c9915221202dac70d,2530,README.md,,md,readme,,,2026-09-23,
ART-000546,23d82c39823cc5468f7570df7d8fd35811a08ac42235c8ce1eced6e4448abc7b,547,SOURCE_INFO.md,,md,readme,,,2026-09-23,
ART-000547,b746f3426cb5a6189dc878c9ae2b52650eb5e288ec66051bba3e30d7f24f1859,66196,gulf_dialect_dataset.csv,,csv,data,,,2026-09-23,
ART-000548,2411fa81309c9d283e9536566e6f03975e9525bb5e4f5af61857bda9326b6dac,1085,LICENSE_UPSTREAM.txt,,txt,licence,,,2026-09-23,
ART-000549,30483623b055a16c5e90ed9383313871e712d2f913e511eb6bae4b574d3d4b6d,3752,README_UPSTREAM.md,,md,readme,,,2026-09-23,
ART-000550,1b4a3bf21f0985ebb0b921dd06f7a1a1ddd1d8e6cb3561773dc09a5873d5fcc6,1426,SOURCE_NOTES.md,,md,metadata,,,2026-09-23,
ART-000551,cb77ba2e604dae9fd348d791038498b7c72aedeaa949a2fa49ae8973baa13e60,11604,batch_import.jsonl,,jsonl,data,,,2026-09-23,
ART-000552,db43a2e940a7eb3b2096188baa4f875aa3ff903ae569bc5134350333b9894cce,118,initial_test.jsonl,,jsonl,data,,,2026-09-23,
ART-000553,91125b4c1a4039bcceec9f9e7922cce0ce34edf5062b73b0c2565e24eccac772,681125,Arabic aspect based sentiment analysis using bidirectional GRU based models.pdf,,pdf,paper,,,2026-09-23,
ART-000554,20be1a4d25d3069253dbe71c8be50301774147fbb23259b710d3c53c1420f699,890749,Aspect-Based Sentiment Analysis for Arabic.pdf,,pdf,paper,,,2026-09-23,
ART-000555,23317c85fb867912c56de31935c244bc97a265fdab82f713538ce058a754c804,2453134,Aspect-Based Sentiment Analysis for Government SmartApplications Customers’ Reviews.pdf,,pdf,thesis,,,2026-09-23,
ART-000556,93f24bdf7de3fde6daa41c0ca60a6ed30ac8a53f827b7f90130aebaf4bb1f3d6,678675,Aspect-BasedSentimentAnalysisUsingSmartGovernmentReviewDataPre-Proof.pdf,,pdf,paper,,,2026-09-23,
ART-000557,f85cef7985a2d213f5da196c18eca9e0dc2f198acef0be6304f41055c7b861fe,5704002,Emirati Arabic  A Comprehensive Grammar.pdf,,pdf,book,,,2026-09-23,
ART-000558,581ec2e61c97211be2e1ae2dd7e52e07c6bf88e45ce6c7c140ffbe4f386a3de4,348341,Gulf Arabic–English LLM Evaluation Portfolio Project for Fast Hiring.pdf,,pdf,paper,,,2026-09-23,
ART-000559,689575d1f19a4dba8ceac75650422fc63d130c365209a748bba43e28fc4b2f13,320016,SauDial The Saudi Arabic Dialects Game Localization Dataset.zip,,zip,archive,,,2026-09-23,
ART-000560,d72c21f570240035e19a99899998567657d4f162b2d786635995763b2711898c,323247,SauDial Dataset.xlsx,,xlsx,data,ART-000559,SauDial The Saudi Arabic Dialects Game Localization Dataset/SauDial Dataset.xlsx,2026-09-23,
ART-000561,69804c39f5dc79668248b958f513c3b9d507c745baacb6184624db5ae9fda96c,29674611,ScienceDirect_articles_23Sep2026_07-20-54.505.zip,,zip,archive,,,2026-09-23,
ART-000562,,,Mathematical-Problem-Solving-in-Arabic--Assessing-La_2024_Procedia-Computer-.pdf,,pdf,paper,ART-000561,Mathematical-Problem-Solving-in-Arabic--Assessing-La_2024_Procedia-Computer-.pdf,2026-09-23,
ART-000563,,,Up-To-Date--Automatic-Updating-Knowledge-Graphs-U_2024_Procedia-Computer-Sci.pdf,,pdf,paper,ART-000561,Up-To-Date--Automatic-Updating-Knowledge-Graphs-U_2024_Procedia-Computer-Sci.pdf,2026-09-23,
ART-000564,,,Hate-Speech-Detection-in-Arabic-Text--Survey_2024_Procedia-Computer-Science.pdf,,pdf,paper,ART-000561,Hate-Speech-Detection-in-Arabic-Text--Survey_2024_Procedia-Computer-Science.pdf,2026-09-23,
ART-000565,,,Normalizing-Swiss-German-Dialects-with-the-Power-of-L_2024_Procedia-Computer.pdf,,pdf,paper,ART-000561,Normalizing-Swiss-German-Dialects-with-the-Power-of-L_2024_Procedia-Computer.pdf,2026-09-23,
ART-000566,,,FASSILA--A-Corpus-for-Algerian-Dialect-Fake-News-Detec_2024_Procedia-Compute.pdf,,pdf,paper,ART-000561,FASSILA--A-Corpus-for-Algerian-Dialect-Fake-News-Detec_2024_Procedia-Compute.pdf,2026-09-23,
ART-000567,,,Poems--Pulses-and-Polygons--How-Classical-Arabic-Poetry_2024_Procedia-Comput.pdf,,pdf,paper,ART-000561,Poems--Pulses-and-Polygons--How-Classical-Arabic-Poetry_2024_Procedia-Comput.pdf,2026-09-23,
ART-000568,,,Disease-Discourse-through-Sentiment-and-Network-A_2024_Procedia-Computer-Sci.pdf,,pdf,paper,ART-000561,Disease-Discourse-through-Sentiment-and-Network-A_2024_Procedia-Computer-Sci.pdf,2026-09-23,
ART-000569,,,Evaluating-Large-Language-Models-for-Arabic-Sentiment-Anal_2024_Procedia-Com.pdf,,pdf,paper,ART-000561,Evaluating-Large-Language-Models-for-Arabic-Sentiment-Anal_2024_Procedia-Com.pdf,2026-09-23,
ART-000570,,,SinaTools--Open-Source-Toolkit-for-Arabic-Natural-La_2024_Procedia-Computer-.pdf,,pdf,paper,ART-000561,SinaTools--Open-Source-Toolkit-for-Arabic-Natural-La_2024_Procedia-Computer-.pdf,2026-09-23,
ART-000571,,,Ethio-Fake--Cutting-Edge-Approaches-to-Combat-Fake-News-i_2024_Procedia-Comp.pdf,,pdf,paper,ART-000561,Ethio-Fake--Cutting-Edge-Approaches-to-Combat-Fake-News-i_2024_Procedia-Comp.pdf,2026-09-23,
ART-000572,,,Exploring-Explainability-in-Arabic-Language-Models--An-_2024_Procedia-Comput.pdf,,pdf,paper,ART-000561,Exploring-Explainability-in-Arabic-Language-Models--An-_2024_Procedia-Comput.pdf,2026-09-23,
ART-000573,,,A-morphological-word-embedding-for-Arabic-langu_2024_Procedia-Computer-Scien.pdf,,pdf,paper,ART-000561,A-morphological-word-embedding-for-Arabic-langu_2024_Procedia-Computer-Scien.pdf,2026-09-23,
ART-000574,,,Fused-Transformers--Fused-Information-of-Arabic-long-A_2024_Procedia-Compute.pdf,,pdf,paper,ART-000561,Fused-Transformers--Fused-Information-of-Arabic-long-A_2024_Procedia-Compute.pdf,2026-09-23,
ART-000575,,,Advancements-of-SMS-Spam-Detection--A-Comprehensive-Su_2024_Procedia-Compute.pdf,,pdf,paper,ART-000561,Advancements-of-SMS-Spam-Detection--A-Comprehensive-Su_2024_Procedia-Compute.pdf,2026-09-23,
ART-000576,,,Resum-Atlas--Revisiting-Resume-Classification-with-Large_2024_Procedia-Compu.pdf,,pdf,paper,ART-000561,Resum-Atlas--Revisiting-Resume-Classification-with-Large_2024_Procedia-Compu.pdf,2026-09-23,
ART-000577,,,Enhancing-Visual-Question-Answering-for-Arabic-Language-_2024_Procedia-Compu.pdf,,pdf,paper,ART-000561,Enhancing-Visual-Question-Answering-for-Arabic-Language-_2024_Procedia-Compu.pdf,2026-09-23,
ART-000578,,,Automatic-Abstracting-For-Bibliographic-Record-Sema_2024_Procedia-Computer-S.pdf,,pdf,paper,ART-000561,Automatic-Abstracting-For-Bibliographic-Record-Sema_2024_Procedia-Computer-S.pdf,2026-09-23,
ART-000579,,,Utilizing-GPT-to-Enhance-Text-Summarization--A-Strateg_2024_Procedia-Compute.pdf,,pdf,paper,ART-000561,Utilizing-GPT-to-Enhance-Text-Summarization--A-Strateg_2024_Procedia-Compute.pdf,2026-09-23,
ART-000580,,,Exploring-Retrieval-Augmented-Generation-in-Ara_2024_Procedia-Computer-Scien.pdf,,pdf,paper,ART-000561,Exploring-Retrieval-Augmented-Generation-in-Ara_2024_Procedia-Computer-Scien.pdf,2026-09-23,
ART-000581,,,Fraud-Detection-in-Medical-Insurance-Claims-Using-Majorit_2024_Procedia-Comp.pdf,,pdf,paper,ART-000561,Fraud-Detection-in-Medical-Insurance-Claims-Using-Majorit_2024_Procedia-Comp.pdf,2026-09-23,
ART-000582,,,Text-Correction-for-Modern-Standard-Arabic_2024_Procedia-Computer-Science.pdf,,pdf,paper,ART-000561,Text-Correction-for-Modern-Standard-Arabic_2024_Procedia-Computer-Science.pdf,2026-09-23,
ART-000583,,,Using-LLMs-and-ontologies-to-extract-causal-relationsh_2024_Procedia-Compute.pdf,,pdf,paper,ART-000561,Using-LLMs-and-ontologies-to-extract-causal-relationsh_2024_Procedia-Compute.pdf,2026-09-23,
ART-000584,,,Semantic-Driven-Topic-Modeling-Using-Transformer-Based-_2024_Procedia-Comput.pdf,,pdf,paper,ART-000561,Semantic-Driven-Topic-Modeling-Using-Transformer-Based-_2024_Procedia-Comput.pdf,2026-09-23,
ART-000585,,,Oxymoron--An-Automatic-Detection-from-the-Corpu_2024_Procedia-Computer-Scien.pdf,,pdf,paper,ART-000561,Oxymoron--An-Automatic-Detection-from-the-Corpu_2024_Procedia-Computer-Scien.pdf,2026-09-23,
ART-000586,,,Expression-of-Depression-Among-Arab-Twitter-Users-Usin_2024_Procedia-Compute.pdf,,pdf,paper,ART-000561,Expression-of-Depression-Among-Arab-Twitter-Users-Usin_2024_Procedia-Compute.pdf,2026-09-23,
ART-000587,,,Improving-sentiment-analysis-of-financial-news-headlines-u_2024_Procedia-Com.pdf,,pdf,paper,ART-000561,Improving-sentiment-analysis-of-financial-news-headlines-u_2024_Procedia-Com.pdf,2026-09-23,
ART-000588,,,Enhancing-Model-Performance-through-Translation-based-Dat_2024_Procedia-Comp.pdf,,pdf,paper,ART-000561,Enhancing-Model-Performance-through-Translation-based-Dat_2024_Procedia-Comp.pdf,2026-09-23,
ART-000589,,,Lexicon-based-Language-Relatedness-Analysis_2024_Procedia-Computer-Science.pdf,,pdf,paper,ART-000561,Lexicon-based-Language-Relatedness-Analysis_2024_Procedia-Computer-Science.pdf,2026-09-23,
ART-000590,,,A-novel-perspective-using-Chaotic-Grey-Wolf-Optimization-_2024_Procedia-Comp.pdf,,pdf,paper,ART-000561,A-novel-perspective-using-Chaotic-Grey-Wolf-Optimization-_2024_Procedia-Comp.pdf,2026-09-23,
ART-000591,,,Contents_2024_Procedia-Computer-Science.pdf,,pdf,paper,ART-000561,Contents_2024_Procedia-Computer-Science.pdf,2026-09-23,
ART-000592,,,Arabic-NER-Evaluation--Pre-Trained-Models-via-Contrastiv_2024_Procedia-Compu.pdf,,pdf,paper,ART-000561,Arabic-NER-Evaluation--Pre-Trained-Models-via-Contrastiv_2024_Procedia-Compu.pdf,2026-09-23,
ART-000593,,,Empathetic-Language-in-LLMs-under-Prompt-Engineering--A-_2024_Procedia-Compu.pdf,,pdf,paper,ART-000561,Empathetic-Language-in-LLMs-under-Prompt-Engineering--A-_2024_Procedia-Compu.pdf,2026-09-23,
ART-000594,,,Alma--Fast-Lemmatizer-and-POS-Tagger-for-Arabi_2024_Procedia-Computer-Scienc.pdf,,pdf,paper,ART-000561,Alma--Fast-Lemmatizer-and-POS-Tagger-for-Arabi_2024_Procedia-Computer-Scienc.pdf,2026-09-23,
ART-000595,,,Paraphrasing-identification-Using-ACV-tree-kern_2024_Procedia-Computer-Scien.pdf,,pdf,paper,ART-000561,Paraphrasing-identification-Using-ACV-tree-kern_2024_Procedia-Computer-Scien.pdf,2026-09-23,
ART-000596,,,Arabic-Historical-Documents-Layout-Analysis-using-_2024_Procedia-Computer-Sc.pdf,,pdf,paper,ART-000561,Arabic-Historical-Documents-Layout-Analysis-using-_2024_Procedia-Computer-Sc.pdf,2026-09-23,
ART-000597,,,A-Novel-Approach-for-Arabic-SMS-Spam-Detection-Using-H_2024_Procedia-Compute.pdf,,pdf,paper,ART-000561,A-Novel-Approach-for-Arabic-SMS-Spam-Detection-Using-H_2024_Procedia-Compute.pdf,2026-09-23,
ART-000598,,,Sentiment-Analysis-of-Custom-Speech-Corpus--A-proof-_2024_Procedia-Computer-.pdf,,pdf,paper,ART-000561,Sentiment-Analysis-of-Custom-Speech-Corpus--A-proof-_2024_Procedia-Computer-.pdf,2026-09-23,
ART-000599,,,Co-reference-Resolution-in-Prompt-Engineering_2024_Procedia-Computer-Science.pdf,,pdf,paper,ART-000561,Co-reference-Resolution-in-Prompt-Engineering_2024_Procedia-Computer-Science.pdf,2026-09-23,
ART-000600,,,ArzEn-LLM--Code-Switched-Egyptian-Arabic-English-Transla_2024_Procedia-Compu.pdf,,pdf,paper,ART-000561,ArzEn-LLM--Code-Switched-Egyptian-Arabic-English-Transla_2024_Procedia-Compu.pdf,2026-09-23,
ART-000601,,,Arabic-Idioms-Detection-by-Utilizing-Deep-Learning-and_2024_Procedia-Compute.pdf,,pdf,paper,ART-000561,Arabic-Idioms-Detection-by-Utilizing-Deep-Learning-and_2024_Procedia-Compute.pdf,2026-09-23,
ART-000602,,,Multi-Hop-Arabic-LLM-Reasoning-in-Complex-QA_2024_Procedia-Computer-Science.pdf,,pdf,paper,ART-000561,Multi-Hop-Arabic-LLM-Reasoning-in-Complex-QA_2024_Procedia-Computer-Science.pdf,2026-09-23,
ART-000603,,,English-to-Arabic-Braille-Neural-Machine-Translation-T_2024_Procedia-Compute.pdf,,pdf,paper,ART-000561,English-to-Arabic-Braille-Neural-Machine-Translation-T_2024_Procedia-Compute.pdf,2026-09-23,
ART-000604,,,Context-biased-vs--structure-biased-disambiguation-of-re_2024_Procedia-Compu.pdf,,pdf,paper,ART-000561,Context-biased-vs--structure-biased-disambiguation-of-re_2024_Procedia-Compu.pdf,2026-09-23,
ART-000605,,,Deep-Learning-Approaches-for-Detecting-Arabic-Cyberb_2024_Procedia-Computer-.pdf,,pdf,paper,ART-000561,Deep-Learning-Approaches-for-Detecting-Arabic-Cyberb_2024_Procedia-Computer-.pdf,2026-09-23,
ART-000606,,,Leveraging-Transformer-Summarizer-to-Extract-Sentences_2024_Procedia-Compute.pdf,,pdf,paper,ART-000561,Leveraging-Transformer-Summarizer-to-Extract-Sentences_2024_Procedia-Compute.pdf,2026-09-23,
ART-000607,,,Empirical-Analysis-for-Detecting-Arabic-Online-Suic_2024_Procedia-Computer-S.pdf,,pdf,paper,ART-000561,Empirical-Analysis-for-Detecting-Arabic-Online-Suic_2024_Procedia-Computer-S.pdf,2026-09-23,
ART-000608,,,Deep-Learning-Techniques-for-Identifying-Poets-in-Arabic_2024_Procedia-Compu.pdf,,pdf,paper,ART-000561,Deep-Learning-Techniques-for-Identifying-Poets-in-Arabic_2024_Procedia-Compu.pdf,2026-09-23,
ART-000609,,,Takween--A-Comprehensive-Arabic-Collection-and-Ann_2024_Procedia-Computer-Sc.pdf,,pdf,paper,ART-000561,Takween--A-Comprehensive-Arabic-Collection-and-Ann_2024_Procedia-Computer-Sc.pdf,2026-09-23,
ART-000610,,,Word-Level-Language-Identification-in-Indonesian-Javan_2024_Procedia-Compute.pdf,,pdf,paper,ART-000561,Word-Level-Language-Identification-in-Indonesian-Javan_2024_Procedia-Compute.pdf,2026-09-23,
ART-000611,,,Deep-Learning-for-Accurate-Recognition-of-Arabic-Handwr_2024_Procedia-Comput.pdf,,pdf,paper,ART-000561,Deep-Learning-for-Accurate-Recognition-of-Arabic-Handwr_2024_Procedia-Comput.pdf,2026-09-23,
ART-000612,,,K-means-Clustering-of-Tweet-Emotions--A-2D-PCA-Visua_2024_Procedia-Computer-.pdf,,pdf,paper,ART-000561,K-means-Clustering-of-Tweet-Emotions--A-2D-PCA-Visua_2024_Procedia-Computer-.pdf,2026-09-23,
ART-000613,8dcc65c40d7805176bb40320c4f45a9aab7fcf5751bfeb0650d48654170feba4,23669985,ScienceDirect_articles_23Sep2026_07-25-10.857.zip,,zip,archive,,,2026-09-23,
ART-000614,,,An-Annotated-Huge-Dataset-for-Standard-and-Colloquial-Ara_2018_Procedia-Comp.pdf,,pdf,paper,ART-000613,An-Annotated-Huge-Dataset-for-Standard-and-Colloquial-Ara_2018_Procedia-Comp.pdf,2026-09-23,
ART-000615,,,Detecting-rumors-in-social-media--A-survey_2018_Procedia-Computer-Science.pdf,,pdf,paper,ART-000613,Detecting-rumors-in-social-media--A-survey_2018_Procedia-Computer-Science.pdf,2026-09-23,
ART-000616,,,A-Proposed-Arabic-Grammatical-Error-Detection-Tool-Ba_2018_Procedia-Computer.pdf,,pdf,paper,ART-000613,A-Proposed-Arabic-Grammatical-Error-Detection-Tool-Ba_2018_Procedia-Computer.pdf,2026-09-23,
ART-000617,,,A-Lexical-Distance-Study-of-Arabic-Dialects_2018_Procedia-Computer-Science.pdf,,pdf,paper,ART-000613,A-Lexical-Distance-Study-of-Arabic-Dialects_2018_Procedia-Computer-Science.pdf,2026-09-23,
ART-000618,,,A-Context-Integrated-Model-for-Multi-label-Emotion_2018_Procedia-Computer-Sc.pdf,,pdf,paper,ART-000613,A-Context-Integrated-Model-for-Multi-label-Emotion_2018_Procedia-Computer-Sc.pdf,2026-09-23,
ART-000619,,,SUAR--Towards-Building-a-Corpus-for-the-Saudi-Di_2018_Procedia-Computer-Scie.pdf,,pdf,paper,ART-000613,SUAR--Towards-Building-a-Corpus-for-the-Saudi-Di_2018_Procedia-Computer-Scie.pdf,2026-09-23,
ART-000620,,,Critical-description-of-TA-linguistic-resource_2018_Procedia-Computer-Scienc.pdf,,pdf,paper,ART-000613,Critical-description-of-TA-linguistic-resource_2018_Procedia-Computer-Scienc.pdf,2026-09-23,
ART-000621,,,Applying-Deep-Learning-for-Arabic-Keyphrase-Extr_2018_Procedia-Computer-Scie.pdf,,pdf,paper,ART-000613,Applying-Deep-Learning-for-Arabic-Keyphrase-Extr_2018_Procedia-Computer-Scie.pdf,2026-09-23,
ART-000622,,,Towards-an-Optimal-Solution-to-Lemmatization-in-_2018_Procedia-Computer-Scie.pdf,,pdf,paper,ART-000613,Towards-an-Optimal-Solution-to-Lemmatization-in-_2018_Procedia-Computer-Scie.pdf,2026-09-23,
ART-000623,,,Graph-based-Arabic-NLP-Techniques--A-Survey_2018_Procedia-Computer-Science.pdf,,pdf,paper,ART-000613,Graph-based-Arabic-NLP-Techniques--A-Survey_2018_Procedia-Computer-Science.pdf,2026-09-23,
ART-000624,,,Word-Level-vs-Sentence-Level-Language-Identification--Ap_2018_Procedia-Compu.pdf,,pdf,paper,ART-000613,Word-Level-vs-Sentence-Level-Language-Identification--Ap_2018_Procedia-Compu.pdf,2026-09-23,
ART-000625,,,MoArLex--An-Arabic-Sentiment-Lexicon-Built-Through-Aut_2018_Procedia-Compute.pdf,,pdf,paper,ART-000613,MoArLex--An-Arabic-Sentiment-Lexicon-Built-Through-Aut_2018_Procedia-Compute.pdf,2026-09-23,
ART-000626,,,An-Efficient-Text-Representation-for-Searching-and-Retri_2018_Procedia-Compu.pdf,,pdf,paper,ART-000613,An-Efficient-Text-Representation-for-Searching-and-Retri_2018_Procedia-Compu.pdf,2026-09-23,
ART-000627,,,Sentiment-Analysis-of-Users-on-Social-Networks--Overcoming_2018_Procedia-Com.pdf,,pdf,paper,ART-000613,Sentiment-Analysis-of-Users-on-Social-Networks--Overcoming_2018_Procedia-Com.pdf,2026-09-23,
ART-000628,,,Categorial-Analysis-of-Agreement-Asymmetries-in-_2018_Procedia-Computer-Scie.pdf,,pdf,paper,ART-000613,Categorial-Analysis-of-Agreement-Asymmetries-in-_2018_Procedia-Computer-Scie.pdf,2026-09-23,
ART-000629,,,Topic-Detection-Approaches-in-Identifying-Topics-and-E_2018_Procedia-Compute.pdf,,pdf,paper,ART-000613,Topic-Detection-Approaches-in-Identifying-Topics-and-E_2018_Procedia-Compute.pdf,2026-09-23,
ART-000630,,,Sentiment-Analysis-of-Arabic-Tweets-using-Deep-Le_2018_Procedia-Computer-Sci.pdf,,pdf,paper,ART-000613,Sentiment-Analysis-of-Arabic-Tweets-using-Deep-Le_2018_Procedia-Computer-Sci.pdf,2026-09-23,
ART-000631,,,The-Role-of-Linguistic-Feature-Categories-in-Authors_2018_Procedia-Computer-.pdf,,pdf,paper,ART-000613,The-Role-of-Linguistic-Feature-Categories-in-Authors_2018_Procedia-Computer-.pdf,2026-09-23,
ART-000632,,,The-Building-and-Evaluation-of-a-Mobile-Parallel-Multi-_2018_Procedia-Comput.pdf,,pdf,paper,ART-000613,The-Building-and-Evaluation-of-a-Mobile-Parallel-Multi-_2018_Procedia-Comput.pdf,2026-09-23,
ART-000633,,,DAWQAS--A-Dataset-for-Arabic-Why-Question-Answeri_2018_Procedia-Computer-Sci.pdf,,pdf,paper,ART-000613,DAWQAS--A-Dataset-for-Arabic-Why-Question-Answeri_2018_Procedia-Computer-Sci.pdf,2026-09-23,
ART-000634,,,PREFACE_2018_Procedia-Computer-Science.pdf,,pdf,paper,ART-000613,PREFACE_2018_Procedia-Computer-Science.pdf,2026-09-23,
ART-000635,,,Sentiment-lexicon-for-sentiment-analysis-of-Saudi-d_2018_Procedia-Computer-S.pdf,,pdf,paper,ART-000613,Sentiment-lexicon-for-sentiment-analysis-of-Saudi-d_2018_Procedia-Computer-S.pdf,2026-09-23,
ART-000636,,,The-Constitution-of-an-Arabic-Touristic-Corpus_2018_Procedia-Computer-Scienc.pdf,,pdf,paper,ART-000613,The-Constitution-of-an-Arabic-Touristic-Corpus_2018_Procedia-Computer-Scienc.pdf,2026-09-23,
ART-000637,,,Cross-Language-Learning-for-Arabic-Relation-Extr_2018_Procedia-Computer-Scie.pdf,,pdf,paper,ART-000613,Cross-Language-Learning-for-Arabic-Relation-Extr_2018_Procedia-Computer-Scie.pdf,2026-09-23,
ART-000638,,,A-Sequence-to-Sequence-based-Approach-For-the-double-Tr_2018_Procedia-Comput.pdf,,pdf,paper,ART-000613,A-Sequence-to-Sequence-based-Approach-For-the-double-Tr_2018_Procedia-Comput.pdf,2026-09-23,
ART-000639,,,A-Monolingual-Parallel-Corpus-of-Arabic_2018_Procedia-Computer-Science.pdf,,pdf,paper,ART-000613,A-Monolingual-Parallel-Corpus-of-Arabic_2018_Procedia-Computer-Science.pdf,2026-09-23,
ART-000640,,,Word-Sense-Disambiguation-for-Arabic-Exploiting-Arabic_2018_Procedia-Compute.pdf,,pdf,paper,ART-000613,Word-Sense-Disambiguation-for-Arabic-Exploiting-Arabic_2018_Procedia-Compute.pdf,2026-09-23,
ART-000641,,,Automatic-Arabic-Dialect-Classification-Using-Deep-_2018_Procedia-Computer-S.pdf,,pdf,paper,ART-000613,Automatic-Arabic-Dialect-Classification-Using-Deep-_2018_Procedia-Computer-S.pdf,2026-09-23,
ART-000642,,,Representing-Meaning-of-Arabic-Sentence-Dynamically-_2018_Procedia-Computer-.pdf,,pdf,paper,ART-000613,Representing-Meaning-of-Arabic-Sentence-Dynamically-_2018_Procedia-Computer-.pdf,2026-09-23,
ART-000643,,,Abjad--Towards-Interactive-Learning-Approach-to-Arabic-_2018_Procedia-Comput.pdf,,pdf,paper,ART-000613,Abjad--Towards-Interactive-Learning-Approach-to-Arabic-_2018_Procedia-Comput.pdf,2026-09-23,
ART-000644,,,Learning-Causality-for-Arabic---Proclitics_2018_Procedia-Computer-Science.pdf,,pdf,paper,ART-000613,Learning-Causality-for-Arabic---Proclitics_2018_Procedia-Computer-Science.pdf,2026-09-23,
ART-000645,,,Table-of-Contents_2018_Procedia-Computer-Science.pdf,,pdf,paper,ART-000613,Table-of-Contents_2018_Procedia-Computer-Science.pdf,2026-09-23,
ART-000646,,,Arabic-Readability-Research--Current-State-and-Futu_2018_Procedia-Computer-S.pdf,,pdf,paper,ART-000613,Arabic-Readability-Research--Current-State-and-Futu_2018_Procedia-Computer-S.pdf,2026-09-23,
ART-000647,,,Morphological-Word-Embedding-for-Arabic_2018_Procedia-Computer-Science.pdf,,pdf,paper,ART-000613,Morphological-Word-Embedding-for-Arabic_2018_Procedia-Computer-Science.pdf,2026-09-23,
ART-000648,,,A-Large-Scale-Social-Media-Corpus-for-the-Detection-of-_2018_Procedia-Comput.pdf,,pdf,paper,ART-000613,A-Large-Scale-Social-Media-Corpus-for-the-Detection-of-_2018_Procedia-Comput.pdf,2026-09-23,
ART-000649,,,POS-Tagging-for-Arabic-Text-Using-Bee-Colony-Alg_2018_Procedia-Computer-Scie.pdf,,pdf,paper,ART-000613,POS-Tagging-for-Arabic-Text-Using-Bee-Colony-Alg_2018_Procedia-Computer-Scie.pdf,2026-09-23,
ART-000650,,,Towards-a-New-Hybrid-Approach-for-Abstractive-Summ_2018_Procedia-Computer-Sc.pdf,,pdf,paper,ART-000613,Towards-a-New-Hybrid-Approach-for-Abstractive-Summ_2018_Procedia-Computer-Sc.pdf,2026-09-23,
ART-000651,,,Automated-Sentence-Boundary-Detection-in-Modern-Standard-_2018_Procedia-Comp.pdf,,pdf,paper,ART-000613,Automated-Sentence-Boundary-Detection-in-Modern-Standard-_2018_Procedia-Comp.pdf,2026-09-23,
ART-000652,,,Dataset-Construction-for-the-Detection-of-Anti-Social-Be_2018_Procedia-Compu.pdf,,pdf,paper,ART-000613,Dataset-Construction-for-the-Detection-of-Anti-Social-Be_2018_Procedia-Compu.pdf,2026-09-23,
ART-000653,,,Ontological-Optimization-for-Latent-Semantic-Indexin_2018_Procedia-Computer-.pdf,,pdf,paper,ART-000613,Ontological-Optimization-for-Latent-Semantic-Indexin_2018_Procedia-Computer-.pdf,2026-09-23,
ART-000654,,,Towards-Accurate-Detection-of-Offensive-Language-in-On_2018_Procedia-Compute.pdf,,pdf,paper,ART-000613,Towards-Accurate-Detection-of-Offensive-Language-in-On_2018_Procedia-Compute.pdf,2026-09-23,
ART-000655,,,Implementation-of-A-Neural-Natural-Language-Understandin_2018_Procedia-Compu.pdf,,pdf,paper,ART-000613,Implementation-of-A-Neural-Natural-Language-Understandin_2018_Procedia-Compu.pdf,2026-09-23,
ART-000656,,,Paraphrasing-Arabic-Metaphor-with-Neural-Machine-T_2018_Procedia-Computer-Sc.pdf,,pdf,paper,ART-000613,Paraphrasing-Arabic-Metaphor-with-Neural-Machine-T_2018_Procedia-Computer-Sc.pdf,2026-09-23,
