profile_id,snapshot_id,profiler_version,profile_json_path,profile_md_path,schema_path,generated_at,profile_status,row_count,schema_hash,warnings_count,notes
PRF-000001,SNP-000027,stage3-batch1-1.0,quality/profiles/RES-000025/SNP-000027/profile.json,quality/profiles/RES-000025/SNP-000027/PROFILE.md,quality/profiles/RES-000025/SNP-000027/schema.json,2026-09-23T12:02:46Z,PROFILED,1,30886532f0b600588d313dc6a07206134e6abdc03f34f2f5a686217dff56f097,0,Stage 3 batch 1.
PRF-000002,SNP-000028,stage3-batch1-1.0,quality/profiles/RES-000026/SNP-000028/profile.json,quality/profiles/RES-000026/SNP-000028/PROFILE.md,quality/profiles/RES-000026/SNP-000028/schema.json,2026-09-23T12:02:47Z,PROFILED,1,ad037985d5d3d79f24dd93dfd2cb46ddcf6e95e6873b6f7776e335ef34548157,0,Stage 3 batch 1.
PRF-000003,SNP-000085,stage3-batch1-1.0,quality/profiles/RES-000083/SNP-000085/profile.json,quality/profiles/RES-000083/SNP-000085/PROFILE.md,quality/profiles/RES-000083/SNP-000085/schema.json,2026-09-23T12:02:48Z,PROFILED,5,d87465db3b9f0ba1061e9c9136e255f78dd9fdc0d7fbbfbad117cf92f99e8f79,0,Stage 3 batch 1.
PRF-000004,SNP-000039,stage3-batch1-1.0,quality/profiles/RES-000037/SNP-000039/profile.json,quality/profiles/RES-000037/SNP-000039/PROFILE.md,quality/profiles/RES-000037/SNP-000039/schema.json,2026-09-23T12:02:48Z,PROFILED,1,9e54292cf8d94ff211f54835bd5313a7e07906045b054a14ea0d07c7a8d49e81,0,Stage 3 batch 1.
PRF-000005,SNP-000084,stage3-batch1-1.0,quality/profiles/RES-000082/SNP-000084/profile.json,quality/profiles/RES-000082/SNP-000084/PROFILE.md,quality/profiles/RES-000082/SNP-000084/schema.json,2026-09-23T12:02:48Z,PROFILED,789,c1a7609ad2a88e9d1a3dc9e598971e0399189da5798504f91409048ee6ff852a,0,Stage 3 batch 1.
PRF-000006,SNP-000023,stage3-batch1-1.0,quality/profiles/RES-000021/SNP-000023/profile.json,quality/profiles/RES-000021/SNP-000023/PROFILE.md,quality/profiles/RES-000021/SNP-000023/schema.json,2026-09-23T12:02:48Z,PROFILED,50,7110a6407f1de7636f76e553cd4a669f87fa4cbadaf11a0bd3de07c3cd44de8a,0,Stage 3 batch 1.
PRF-000007,SNP-000021,stage3-batch1-1.0,quality/profiles/RES-000020/SNP-000021/profile.json,quality/profiles/RES-000020/SNP-000021/PROFILE.md,quality/profiles/RES-000020/SNP-000021/schema.json,2026-09-23T12:02:49Z,PROFILED,1000,087b33a04662d4de91397c9d686a6183f9dc03cb905623f2f049798f5807e823,0,Stage 3 batch 1.
PRF-000008,SNP-000052,stage3-batch1-1.0,quality/profiles/RES-000050/SNP-000052/profile.json,quality/profiles/RES-000050/SNP-000052/PROFILE.md,quality/profiles/RES-000050/SNP-000052/schema.json,2026-09-23T12:02:50Z,PROFILED,2224,14dae58894e098c3492d5210d5f476f3069222298c9f3b59d3aabf46d10766a7,0,Stage 3 batch 1.
PRF-000009,SNP-000009,stage3-batch1-1.0,quality/profiles/RES-000008/SNP-000009/profile.json,quality/profiles/RES-000008/SNP-000009/PROFILE.md,quality/profiles/RES-000008/SNP-000009/schema.json,2026-09-23T12:02:50Z,PROFILED,3580,3e2194032f86bed67547ad7e21ffac1748ddaa385b30acff0bae2bc72a99253b,0,Stage 3 batch 1.
PRF-000010,SNP-000083,stage3-batch1-1.0,quality/profiles/RES-000081/SNP-000083/profile.json,quality/profiles/RES-000081/SNP-000083/PROFILE.md,quality/profiles/RES-000081/SNP-000083/schema.json,2026-09-23T12:02:52Z,PROFILED,3894,31ef19e95e542d05cef6cb3063b9ad204f46cabfa3e60fe65ff180b0b1115332,0,Stage 3 batch 1.
PRF-000011,SNP-000094,stage3-batch1-1.0,quality/profiles/RES-000049/SNP-000094/profile.json,quality/profiles/RES-000049/SNP-000094/PROFILE.md,quality/profiles/RES-000049/SNP-000094/schema.json,2026-09-23T12:02:53Z,PROFILED,2900,a85169d73ce0679b157c339981ccedec66e8fd177ee8ef3152831ff27f238da7,0,Stage 3 batch 1.
PRF-000012,SNP-000093,stage3-batch1-1.0,quality/profiles/RES-000049/SNP-000093/profile.json,quality/profiles/RES-000049/SNP-000093/PROFILE.md,quality/profiles/RES-000049/SNP-000093/schema.json,2026-09-23T12:02:55Z,PROFILED,2900,f4edaf3ae87ed551e6197e42c96d2f38df0aecb04ae358206e33562661d71c5d,0,Stage 3 batch 1.
PRF-000013,SNP-000056,stage3-batch1-1.0,quality/profiles/RES-000054/SNP-000056/profile.json,quality/profiles/RES-000054/SNP-000056/PROFILE.md,quality/profiles/RES-000054/SNP-000056/schema.json,2026-09-23T12:02:56Z,PROFILED,8816,500750a0f202d07f4ded4a815f31baf0c8bd42cd79a47511e3f5ecdd4cd61eab,0,Stage 3 batch 1.
PRF-000014,SNP-000038,stage3-batch1-1.0,quality/profiles/RES-000036/SNP-000038/profile.json,quality/profiles/RES-000036/SNP-000038/PROFILE.md,quality/profiles/RES-000036/SNP-000038/schema.json,2026-09-23T12:02:57Z,PROFILED,5307,55ab4d407e28c26f190fe456ca72f477148581b6ed23bed9c19f63f1f59a63ed,0,Stage 3 batch 1.
PRF-000015,SNP-000001,stage3-remaining-nondoc-1.1,quality/profiles/RES-000001/SNP-000001/profile.json,quality/profiles/RES-000001/SNP-000001/PROFILE.md,quality/profiles/RES-000001/SNP-000001/schema.json,2026-09-23T11:52:25Z,PROFILE_PARTIAL,1232,de908afdbc73cb87cd0378d53bd0f93c783e4d428123c1d82ee9954e33d57d9d,8,Stage 3 non-document profile; row_count semantics: largest directly profiled record set; multiple files/views may be non-additive.
PRF-000016,SNP-000003,stage3-remaining-nondoc-1.1,quality/profiles/RES-000003/SNP-000003/profile.json,quality/profiles/RES-000003/SNP-000003/PROFILE.md,quality/profiles/RES-000003/SNP-000003/schema.json,2026-09-23T11:52:26Z,PROFILED,209334,cee46f265151e5699a82940eaca781b9b9d5c4d80e991460b1c80891a50aae62,0,Stage 3 non-document profile; row_count semantics: largest directly profiled record set; multiple files/views may be non-additive.
PRF-000017,SNP-000004,stage3-remaining-nondoc-1.1,quality/profiles/RES-000004/SNP-000004/profile.json,quality/profiles/RES-000004/SNP-000004/PROFILE.md,quality/profiles/RES-000004/SNP-000004/schema.json,2026-09-23T11:52:28Z,PROFILED,32235,4e4cd2e629825c5339df6c7325bddf79667d3ee790373d3c3c49655eec6c8318,0,Stage 3 non-document profile; row_count semantics: largest directly profiled record set; multiple files/views may be non-additive.
PRF-000018,SNP-000007,stage3-remaining-nondoc-1.1,quality/profiles/RES-000007/SNP-000007/profile.json,quality/profiles/RES-000007/SNP-000007/PROFILE.md,quality/profiles/RES-000007/SNP-000007/schema.json,2026-09-23T11:52:31Z,PROFILED,10500,3936778559168969b82898c4cfa53283911a56d75e562b6f1df53a7a077fce1f,0,Stage 3 non-document profile; row_count semantics: sum of explicit disjoint split files.
PRF-000019,SNP-000008,stage3-remaining-nondoc-1.1,quality/profiles/RES-000008/SNP-000008/profile.json,quality/profiles/RES-000008/SNP-000008/PROFILE.md,quality/profiles/RES-000008/SNP-000008/schema.json,2026-09-23T11:52:33Z,PROFILED,13075,a715c5586de4002068d642ab36363cfd8d7c177fa70e34cae5d7d1ed9d823a5d,0,Stage 3 non-document profile; row_count semantics: largest directly profiled record set; multiple files/views may be non-additive.
PRF-000020,SNP-000010,stage3-remaining-nondoc-1.1,quality/profiles/RES-000009/SNP-000010/profile.json,quality/profiles/RES-000009/SNP-000010/PROFILE.md,quality/profiles/RES-000009/SNP-000010/schema.json,2026-09-23T11:52:35Z,PROFILED,14889,84cd5ba786042239f35270103ec178473f3a5bb9ceb2dcef2b58e31449e07e3f,0,Stage 3 non-document profile; row_count semantics: largest directly profiled record set; multiple files/views may be non-additive.
PRF-000021,SNP-000011,stage3-remaining-nondoc-1.1,quality/profiles/RES-000010/SNP-000011/profile.json,quality/profiles/RES-000010/SNP-000011/PROFILE.md,quality/profiles/RES-000010/SNP-000011/schema.json,2026-09-23T11:53:04Z,PROFILE_PARTIAL,253166,c5d65c4deb15d904517ac77434665c6667468699e113c791169d0158bfac4c19,31,Stage 3 non-document profile; row_count semantics: sum of disjoint Parquet shards across dataset splits.
PRF-000022,SNP-000012,stage3-library-saudial-1.0,quality/profiles/RES-000011/SNP-000012/profile.json,quality/profiles/RES-000011/SNP-000012/PROFILE.md,quality/profiles/RES-000011/SNP-000012/schema.json,2026-09-23T12:30:00Z,PROFILED,1000,17608ca5d2704a52fc19b29f8b362844ba8e70d121a2bd4317b76b697f7b18fc,0,Stage 3 Library-backed SauDial profile; exact workbook parsed without committing source text.
PRF-000023,SNP-000013,stage3-remaining-nondoc-1.1,quality/profiles/RES-000012/SNP-000013/profile.json,quality/profiles/RES-000012/SNP-000013/PROFILE.md,quality/profiles/RES-000012/SNP-000013/schema.json,2026-09-23T11:53:05Z,PROFILED,184,4a40c318f545cecb4c4b99c704e4194de2f55a94c28845829653e0987f8c003c,0,Stage 3 non-document profile; row_count semantics: largest directly profiled record set; multiple files/views may be non-additive.
PRF-000024,SNP-000014,stage3-remaining-nondoc-1.1,quality/profiles/RES-000013/SNP-000014/profile.json,quality/profiles/RES-000013/SNP-000014/PROFILE.md,quality/profiles/RES-000013/SNP-000014/schema.json,2026-09-23T11:53:27Z,PROFILED,29815,3c73de46ca2c7c29f96ed072ea75b3091e5551d0abc018a890f818efb2989e08,0,Stage 3 non-document profile; row_count semantics: sum of disjoint Parquet shards across dataset splits.
PRF-000025,SNP-000019,stage3-remaining-nondoc-1.1,quality/profiles/RES-000018/SNP-000019/profile.json,quality/profiles/RES-000018/SNP-000019/PROFILE.md,quality/profiles/RES-000018/SNP-000019/schema.json,2026-09-23T11:53:28Z,PROFILED,7958,93e8eb47f328b9bb7071a1eba88dd7476eb04410a72700711af96585dfef0dc2,0,Stage 3 non-document profile; row_count semantics: largest directly profiled record set; multiple files/views may be non-additive.
PRF-000026,SNP-000020,stage3-remaining-nondoc-1.1,quality/profiles/RES-000019/SNP-000020/profile.json,quality/profiles/RES-000019/SNP-000020/PROFILE.md,quality/profiles/RES-000019/SNP-000020/schema.json,2026-09-23T11:53:38Z,PROFILED,67783,89347f09cb5fbf8a7187d2fb02dd13f152ac8c76faee773ecb8986ed303be7b7,0,Stage 3 non-document profile; row_count semantics: largest directly profiled record set; multiple files/views may be non-additive.
PRF-000027,SNP-000024,stage3-remaining-nondoc-1.1,quality/profiles/RES-000022/SNP-000024/profile.json,quality/profiles/RES-000022/SNP-000024/PROFILE.md,quality/profiles/RES-000022/SNP-000024/schema.json,2026-09-23T11:53:39Z,PROFILED,1173,c91c6731d1ee38b4ab882fd56e36d81adb875fde64f867b1c056ac1097ea971d,0,Stage 3 non-document profile; row_count semantics: sum of explicit disjoint split files.
PRF-000028,SNP-000040,stage3-remaining-nondoc-1.1,quality/profiles/RES-000038/SNP-000040/profile.json,quality/profiles/RES-000038/SNP-000040/PROFILE.md,quality/profiles/RES-000038/SNP-000040/schema.json,2026-09-23T11:53:59Z,PROFILE_PARTIAL,77821,50a3145ed354efe96fed598d4b1c51d135ffe1d468b83a9f0e3f7b314e72691b,44,Stage 3 non-document profile; row_count semantics: sum of disjoint Parquet shards across dataset splits.
PRF-000029,SNP-000041,stage3-remaining-nondoc-1.1,quality/profiles/RES-000039/SNP-000041/profile.json,quality/profiles/RES-000039/SNP-000041/PROFILE.md,quality/profiles/RES-000039/SNP-000041/schema.json,2026-09-23T11:54:03Z,PROFILED,442,8dd6687430063f9c6c0c4bd5cf7023adcab623fa82cbd40740fef3bdeaa6cea8,0,Stage 3 non-document profile; row_count semantics: largest directly profiled record set; multiple files/views may be non-additive.
PRF-000030,SNP-000042,stage3-remaining-nondoc-1.1,quality/profiles/RES-000040/SNP-000042/profile.json,quality/profiles/RES-000040/SNP-000042/PROFILE.md,quality/profiles/RES-000040/SNP-000042/schema.json,2026-09-23T11:54:06Z,PROFILED,13156,477d864e3db9ce3f9bf4a18818db4e96cc374b64367ce8e539ff528446c522ca,0,Stage 3 non-document profile; row_count semantics: largest directly profiled record set; multiple files/views may be non-additive.
PRF-000031,SNP-000043,stage3-remaining-nondoc-1.1,quality/profiles/RES-000041/SNP-000043/profile.json,quality/profiles/RES-000041/SNP-000043/PROFILE.md,quality/profiles/RES-000041/SNP-000043/schema.json,2026-09-23T11:54:28Z,PROFILED,95391,54dd2083db5e76dfd047354c6f4038720d19432c1cca31da7d786f1a3c99ddf1,0,Stage 3 non-document profile; row_count semantics: largest directly profiled record set; multiple files/views may be non-additive.
PRF-000032,SNP-000044,stage3-remaining-nondoc-1.1,quality/profiles/RES-000042/SNP-000044/profile.json,quality/profiles/RES-000042/SNP-000044/PROFILE.md,quality/profiles/RES-000042/SNP-000044/schema.json,2026-09-23T12:38:11Z,PROFILED,414053,094f1d7d6433c339ff1b7d4d03954c514cc7cc4cb1ddb6d8bf237ddb2370f888,0,Stage 3 non-document profile; row_count semantics: largest directly profiled record set; multiple files/views may be non-additive.
PRF-000033,SNP-000045,stage3-remaining-nondoc-1.1,quality/profiles/RES-000043/SNP-000045/profile.json,quality/profiles/RES-000043/SNP-000045/PROFILE.md,quality/profiles/RES-000043/SNP-000045/schema.json,2026-09-23T11:54:28Z,PROFILED,499,944b8e2710f53b4fbe7b92614b696891d185c6eb3fd5655cb876845baaa00dea,0,Stage 3 non-document profile; row_count semantics: sum of disjoint Parquet shards across dataset splits.
PRF-000034,SNP-000046,stage3-remaining-nondoc-1.1,quality/profiles/RES-000044/SNP-000046/profile.json,quality/profiles/RES-000044/SNP-000046/PROFILE.md,quality/profiles/RES-000044/SNP-000046/schema.json,2026-09-23T11:54:32Z,PROFILED,51766,959af853235aa1d750ea0132fe6330c4159c8827ccd752cffedef8fb67845ec5,0,Stage 3 non-document profile; row_count semantics: largest directly profiled record set; multiple files/views may be non-additive.
PRF-000035,SNP-000047,stage3-remaining-nondoc-1.1,quality/profiles/RES-000045/SNP-000047/profile.json,quality/profiles/RES-000045/SNP-000047/PROFILE.md,quality/profiles/RES-000045/SNP-000047/schema.json,2026-09-23T11:54:32Z,PROFILED,3543,ad28bc067c30d3bef26e31d0fb9de6f3bde81e1a5c37b3786c764dc176859d60,0,Stage 3 non-document profile; row_count semantics: largest directly profiled record set; multiple files/views may be non-additive.
PRF-000036,SNP-000048,stage3-remaining-nondoc-1.1,quality/profiles/RES-000046/SNP-000048/profile.json,quality/profiles/RES-000046/SNP-000048/PROFILE.md,quality/profiles/RES-000046/SNP-000048/schema.json,2026-09-23T11:54:33Z,PROFILED,3000,98b327d35b9af68b7a95f3b0e733e203870735a859236b1e16f36e1e800e062e,0,Stage 3 non-document profile; row_count semantics: largest directly profiled record set; multiple files/views may be non-additive.
PRF-000037,SNP-000049,stage3-remaining-nondoc-1.1,quality/profiles/RES-000047/SNP-000049/profile.json,quality/profiles/RES-000047/SNP-000049/PROFILE.md,quality/profiles/RES-000047/SNP-000049/schema.json,2026-09-23T11:54:34Z,PROFILED,4802,37c1f9cd1a08d2df9eb803fc35c436a39457e2dbdd23948c911f26134bb5ae60,0,Stage 3 non-document profile; row_count semantics: largest directly profiled record set; multiple files/views may be non-additive.
PRF-000038,SNP-000050,stage3-remaining-nondoc-1.1,quality/profiles/RES-000048/SNP-000050/profile.json,quality/profiles/RES-000048/SNP-000050/PROFILE.md,quality/profiles/RES-000048/SNP-000050/schema.json,2026-09-23T11:55:44Z,PROFILED,282761,c4f741898e5992e6f1474fb76eec0a0674ca9aa7f78d97bfce46b091e8f6db51,0,Stage 3 non-document profile; row_count semantics: largest directly profiled record set; multiple files/views may be non-additive.
PRF-000039,SNP-000053,stage3-remaining-nondoc-1.1,quality/profiles/RES-000051/SNP-000053/profile.json,quality/profiles/RES-000051/SNP-000053/PROFILE.md,quality/profiles/RES-000051/SNP-000053/schema.json,2026-09-23T11:57:10Z,PROFILED,202067,7a3c33b1da7e14d4b9815b96c0791f59f278621db8ebdc22e83691252b3211ce,0,Stage 3 non-document profile; row_count semantics: largest directly profiled record set; multiple files/views may be non-additive.
PRF-000040,SNP-000054,stage3-remaining-nondoc-1.1,quality/profiles/RES-000052/SNP-000054/profile.json,quality/profiles/RES-000052/SNP-000054/PROFILE.md,quality/profiles/RES-000052/SNP-000054/schema.json,2026-09-23T11:57:11Z,PROFILED,20000,a3bef6372eea596364c012887847ab40e617662d66159e65bbbe6ec56e03944c,0,Stage 3 non-document profile; row_count semantics: largest directly profiled record set; multiple files/views may be non-additive.
PRF-000041,SNP-000055,stage3-remaining-nondoc-1.1,quality/profiles/RES-000053/SNP-000055/profile.json,quality/profiles/RES-000053/SNP-000055/PROFILE.md,quality/profiles/RES-000053/SNP-000055/schema.json,2026-09-23T11:57:13Z,PROFILED,30905,876e1c748432487dbad1a0d7270c2461f6e71a62c4a078b8dde98f56e600a1eb,0,Stage 3 non-document profile; row_count semantics: largest directly profiled record set; multiple files/views may be non-additive.
PRF-000042,SNP-000057,stage3-remaining-nondoc-1.1,quality/profiles/RES-000055/SNP-000057/profile.json,quality/profiles/RES-000055/SNP-000057/PROFILE.md,quality/profiles/RES-000055/SNP-000057/schema.json,2026-09-23T11:57:17Z,PROFILED,6513,a010c434a748d709d3b9ed00813cef19d1f29fceffa1d76b6bd697ce76a5cab6,0,Stage 3 non-document profile; row_count semantics: largest directly profiled record set; multiple files/views may be non-additive.
PRF-000043,SNP-000058,stage3-remaining-nondoc-1.1,quality/profiles/RES-000056/SNP-000058/profile.json,quality/profiles/RES-000056/SNP-000058/PROFILE.md,quality/profiles/RES-000056/SNP-000058/schema.json,2026-09-23T11:57:18Z,PROFILE_PARTIAL,7,0160e277f8e374eaafd3c1f959e45c56ecd032b9cf4ad5e185e97dd6f0cf5471,3,Stage 3 non-document profile; row_count semantics: largest directly profiled record set; multiple files/views may be non-additive.
PRF-000044,SNP-000086,stage3-remaining-nondoc-1.1,quality/profiles/RES-000084/SNP-000086/profile.json,quality/profiles/RES-000084/SNP-000086/PROFILE.md,quality/profiles/RES-000084/SNP-000086/schema.json,2026-09-23T12:42:07Z,PROFILE_PARTIAL,12110,7d1552cf81f12104ee285ee8dd347f73d6f1f82c5516e27b5d676fb0dfac910c,1,Stage 3 non-document profile; row_count semantics: sum of disjoint per-hotel extensionless text files.
PRF-000045,SNP-000087,stage3-remaining-nondoc-1.1,quality/profiles/RES-000085/SNP-000087/profile.json,quality/profiles/RES-000085/SNP-000087/PROFILE.md,quality/profiles/RES-000085/SNP-000087/schema.json,2026-09-23T11:58:38Z,PROFILED,6405,5b453931d04354b7d728f6274fd86ec3c065004dd9e4cea6d82e67a37e6d7ec8,0,Stage 3 non-document profile; row_count semantics: largest directly profiled record set; multiple files/views may be non-additive.
PRF-000046,SNP-000088,stage3-remaining-nondoc-1.1,quality/profiles/RES-000086/SNP-000088/profile.json,quality/profiles/RES-000086/SNP-000088/PROFILE.md,quality/profiles/RES-000086/SNP-000088/schema.json,2026-09-23T11:59:07Z,PROFILED,490514,5d1baf78396ffea3e12a3acdd42642069c3011b344026e46cf2fe3fbc28ebb10,0,Stage 3 non-document profile; row_count semantics: sum of disjoint Parquet shards across dataset splits.
PRF-000047,SNP-000091,stage3-remaining-nondoc-1.1,quality/profiles/RES-000031/SNP-000091/profile.json,quality/profiles/RES-000031/SNP-000091/PROFILE.md,quality/profiles/RES-000031/SNP-000091/schema.json,2026-09-23T11:59:08Z,PROFILE_PARTIAL,17,6a0ac242c36c018200a274d0bc01e82e2992afa7f31b9ee2337c7ef37ae9f950,2,Stage 3 non-document profile; row_count semantics: largest directly profiled record set; multiple files/views may be non-additive.
PRF-000048,SNP-000092,stage3-remaining-nondoc-1.1,quality/profiles/RES-000034/SNP-000092/profile.json,quality/profiles/RES-000034/SNP-000092/PROFILE.md,quality/profiles/RES-000034/SNP-000092/schema.json,2026-09-23T11:59:09Z,PROFILE_PARTIAL,11,b8bfe63f1fd4cd98343690e1128fd07c73ab9e7c79ea52be4fb55f5fcbcc7944,1,Stage 3 non-document profile; row_count semantics: largest directly profiled record set; multiple files/views may be non-additive.
PRF-000049,SNP-000095,stage3-remaining-nondoc-1.1,quality/profiles/RES-000049/SNP-000095/profile.json,quality/profiles/RES-000049/SNP-000095/PROFILE.md,quality/profiles/RES-000049/SNP-000095/schema.json,2026-09-23T11:59:10Z,PROFILED,29700,b8cd9a82123f9fa9c6f00d2639987f9b3f77055008405b75ece4358dd815187d,0,Stage 3 non-document profile; row_count semantics: sum of disjoint Parquet shards across dataset splits.
PRF-000050,SNP-000097,stage3-document-metadata-1.0,quality/profiles/RES-000090/SNP-000097/profile.json,quality/profiles/RES-000090/SNP-000097/PROFILE.md,quality/profiles/RES-000090/SNP-000097/schema.json,2026-09-23T10:55:05Z,PROFILED,20,1a47ab7863bbbb7ce9a9a4db94f26ab54907b6aa37a5138834ae0206121a5045,1,Stage 3 PDF/document bibliographic profile; row_count stores page count.
PRF-000051,SNP-000098,stage3-document-metadata-1.0,quality/profiles/RES-000091/SNP-000098/profile.json,quality/profiles/RES-000091/SNP-000098/PROFILE.md,quality/profiles/RES-000091/SNP-000098/schema.json,2026-09-23T10:55:05Z,PROFILED,23,1a47ab7863bbbb7ce9a9a4db94f26ab54907b6aa37a5138834ae0206121a5045,1,Stage 3 PDF/document bibliographic profile; row_count stores page count.
PRF-000052,SNP-000099,stage3-document-metadata-1.0,quality/profiles/RES-000092/SNP-000099/profile.json,quality/profiles/RES-000092/SNP-000099/PROFILE.md,quality/profiles/RES-000092/SNP-000099/schema.json,2026-09-23T10:55:05Z,PROFILED,91,1a47ab7863bbbb7ce9a9a4db94f26ab54907b6aa37a5138834ae0206121a5045,1,Stage 3 PDF/document bibliographic profile; row_count stores page count.
PRF-000053,SNP-000100,stage3-document-metadata-1.0,quality/profiles/RES-000093/SNP-000100/profile.json,quality/profiles/RES-000093/SNP-000100/PROFILE.md,quality/profiles/RES-000093/SNP-000100/schema.json,2026-09-23T10:55:05Z,PROFILED,13,1a47ab7863bbbb7ce9a9a4db94f26ab54907b6aa37a5138834ae0206121a5045,0,Stage 3 PDF/document bibliographic profile; row_count stores page count.
PRF-000054,SNP-000101,stage3-document-metadata-1.0,quality/profiles/RES-000094/SNP-000101/profile.json,quality/profiles/RES-000094/SNP-000101/PROFILE.md,quality/profiles/RES-000094/SNP-000101/schema.json,2026-09-23T10:55:05Z,PROFILED,521,1a47ab7863bbbb7ce9a9a4db94f26ab54907b6aa37a5138834ae0206121a5045,1,Stage 3 PDF/document bibliographic profile; row_count stores page count.
PRF-000055,SNP-000102,stage3-document-metadata-1.0,quality/profiles/RES-000095/SNP-000102/profile.json,quality/profiles/RES-000095/SNP-000102/PROFILE.md,quality/profiles/RES-000095/SNP-000102/schema.json,2026-09-23T10:55:05Z,PROFILED,39,1a47ab7863bbbb7ce9a9a4db94f26ab54907b6aa37a5138834ae0206121a5045,1,Stage 3 PDF/document bibliographic profile; row_count stores page count.
PRF-000056,SNP-000103,stage3-document-metadata-1.0,quality/profiles/RES-000096/SNP-000103/profile.json,quality/profiles/RES-000096/SNP-000103/PROFILE.md,quality/profiles/RES-000096/SNP-000103/schema.json,2026-09-23T10:55:05Z,PROFILED,10,1a47ab7863bbbb7ce9a9a4db94f26ab54907b6aa37a5138834ae0206121a5045,0,Stage 3 PDF/document bibliographic profile; row_count stores page count.
PRF-000057,SNP-000104,stage3-document-metadata-1.0,quality/profiles/RES-000097/SNP-000104/profile.json,quality/profiles/RES-000097/SNP-000104/PROFILE.md,quality/profiles/RES-000097/SNP-000104/schema.json,2026-09-23T10:55:05Z,PROFILED,8,1a47ab7863bbbb7ce9a9a4db94f26ab54907b6aa37a5138834ae0206121a5045,0,Stage 3 PDF/document bibliographic profile; row_count stores page count.
PRF-000058,SNP-000105,stage3-document-metadata-1.0,quality/profiles/RES-000098/SNP-000105/profile.json,quality/profiles/RES-000098/SNP-000105/PROFILE.md,quality/profiles/RES-000098/SNP-000105/schema.json,2026-09-23T10:55:05Z,PROFILED,12,1a47ab7863bbbb7ce9a9a4db94f26ab54907b6aa37a5138834ae0206121a5045,0,Stage 3 PDF/document bibliographic profile; row_count stores page count.
PRF-000059,SNP-000106,stage3-document-metadata-1.0,quality/profiles/RES-000099/SNP-000106/profile.json,quality/profiles/RES-000099/SNP-000106/PROFILE.md,quality/profiles/RES-000099/SNP-000106/schema.json,2026-09-23T10:55:05Z,PROFILED,9,1a47ab7863bbbb7ce9a9a4db94f26ab54907b6aa37a5138834ae0206121a5045,0,Stage 3 PDF/document bibliographic profile; row_count stores page count.
PRF-000060,SNP-000107,stage3-document-metadata-1.0,quality/profiles/RES-000100/SNP-000107/profile.json,quality/profiles/RES-000100/SNP-000107/PROFILE.md,quality/profiles/RES-000100/SNP-000107/schema.json,2026-09-23T10:55:05Z,PROFILED,11,1a47ab7863bbbb7ce9a9a4db94f26ab54907b6aa37a5138834ae0206121a5045,0,Stage 3 PDF/document bibliographic profile; row_count stores page count.
PRF-000061,SNP-000108,stage3-document-metadata-1.0,quality/profiles/RES-000101/SNP-000108/profile.json,quality/profiles/RES-000101/SNP-000108/PROFILE.md,quality/profiles/RES-000101/SNP-000108/schema.json,2026-09-23T10:55:05Z,PROFILED,11,1a47ab7863bbbb7ce9a9a4db94f26ab54907b6aa37a5138834ae0206121a5045,0,Stage 3 PDF/document bibliographic profile; row_count stores page count.
PRF-000062,SNP-000109,stage3-document-metadata-1.0,quality/profiles/RES-000102/SNP-000109/profile.json,quality/profiles/RES-000102/SNP-000109/PROFILE.md,quality/profiles/RES-000102/SNP-000109/schema.json,2026-09-23T10:55:05Z,PROFILED,7,1a47ab7863bbbb7ce9a9a4db94f26ab54907b6aa37a5138834ae0206121a5045,0,Stage 3 PDF/document bibliographic profile; row_count stores page count.
PRF-000063,SNP-000110,stage3-document-metadata-1.0,quality/profiles/RES-000103/SNP-000110/profile.json,quality/profiles/RES-000103/SNP-000110/PROFILE.md,quality/profiles/RES-000103/SNP-000110/schema.json,2026-09-23T10:55:05Z,PROFILED,8,1a47ab7863bbbb7ce9a9a4db94f26ab54907b6aa37a5138834ae0206121a5045,0,Stage 3 PDF/document bibliographic profile; row_count stores page count.
PRF-000064,SNP-000111,stage3-document-metadata-1.0,quality/profiles/RES-000104/SNP-000111/profile.json,quality/profiles/RES-000104/SNP-000111/PROFILE.md,quality/profiles/RES-000104/SNP-000111/schema.json,2026-09-23T10:55:05Z,PROFILED,9,1a47ab7863bbbb7ce9a9a4db94f26ab54907b6aa37a5138834ae0206121a5045,0,Stage 3 PDF/document bibliographic profile; row_count stores page count.
PRF-000065,SNP-000112,stage3-document-metadata-1.0,quality/profiles/RES-000105/SNP-000112/profile.json,quality/profiles/RES-000105/SNP-000112/PROFILE.md,quality/profiles/RES-000105/SNP-000112/schema.json,2026-09-23T10:55:05Z,PROFILED,10,1a47ab7863bbbb7ce9a9a4db94f26ab54907b6aa37a5138834ae0206121a5045,0,Stage 3 PDF/document bibliographic profile; row_count stores page count.
PRF-000066,SNP-000113,stage3-document-metadata-1.0,quality/profiles/RES-000106/SNP-000113/profile.json,quality/profiles/RES-000106/SNP-000113/PROFILE.md,quality/profiles/RES-000106/SNP-000113/schema.json,2026-09-23T10:55:05Z,PROFILED,8,1a47ab7863bbbb7ce9a9a4db94f26ab54907b6aa37a5138834ae0206121a5045,0,Stage 3 PDF/document bibliographic profile; row_count stores page count.
PRF-000067,SNP-000114,stage3-document-metadata-1.0,quality/profiles/RES-000107/SNP-000114/profile.json,quality/profiles/RES-000107/SNP-000114/PROFILE.md,quality/profiles/RES-000107/SNP-000114/schema.json,2026-09-23T10:55:05Z,PROFILED,8,1a47ab7863bbbb7ce9a9a4db94f26ab54907b6aa37a5138834ae0206121a5045,0,Stage 3 PDF/document bibliographic profile; row_count stores page count.
PRF-000068,SNP-000115,stage3-document-metadata-1.0,quality/profiles/RES-000108/SNP-000115/profile.json,quality/profiles/RES-000108/SNP-000115/PROFILE.md,quality/profiles/RES-000108/SNP-000115/schema.json,2026-09-23T10:55:05Z,PROFILED,9,1a47ab7863bbbb7ce9a9a4db94f26ab54907b6aa37a5138834ae0206121a5045,0,Stage 3 PDF/document bibliographic profile; row_count stores page count.
PRF-000069,SNP-000116,stage3-document-metadata-1.0,quality/profiles/RES-000109/SNP-000116/profile.json,quality/profiles/RES-000109/SNP-000116/PROFILE.md,quality/profiles/RES-000109/SNP-000116/schema.json,2026-09-23T10:55:05Z,PROFILED,12,1a47ab7863bbbb7ce9a9a4db94f26ab54907b6aa37a5138834ae0206121a5045,0,Stage 3 PDF/document bibliographic profile; row_count stores page count.
PRF-000070,SNP-000117,stage3-document-metadata-1.0,quality/profiles/RES-000110/SNP-000117/profile.json,quality/profiles/RES-000110/SNP-000117/PROFILE.md,quality/profiles/RES-000110/SNP-000117/schema.json,2026-09-23T10:55:05Z,PROFILED,8,1a47ab7863bbbb7ce9a9a4db94f26ab54907b6aa37a5138834ae0206121a5045,0,Stage 3 PDF/document bibliographic profile; row_count stores page count.
PRF-000071,SNP-000118,stage3-document-metadata-1.0,quality/profiles/RES-000111/SNP-000118/profile.json,quality/profiles/RES-000111/SNP-000118/PROFILE.md,quality/profiles/RES-000111/SNP-000118/schema.json,2026-09-23T10:55:05Z,PROFILED,7,1a47ab7863bbbb7ce9a9a4db94f26ab54907b6aa37a5138834ae0206121a5045,0,Stage 3 PDF/document bibliographic profile; row_count stores page count.
PRF-000072,SNP-000119,stage3-document-metadata-1.0,quality/profiles/RES-000112/SNP-000119/profile.json,quality/profiles/RES-000112/SNP-000119/PROFILE.md,quality/profiles/RES-000112/SNP-000119/schema.json,2026-09-23T10:55:05Z,PROFILED,8,1a47ab7863bbbb7ce9a9a4db94f26ab54907b6aa37a5138834ae0206121a5045,0,Stage 3 PDF/document bibliographic profile; row_count stores page count.
PRF-000073,SNP-000120,stage3-document-metadata-1.0,quality/profiles/RES-000113/SNP-000120/profile.json,quality/profiles/RES-000113/SNP-000120/PROFILE.md,quality/profiles/RES-000113/SNP-000120/schema.json,2026-09-23T10:55:05Z,PROFILED,10,1a47ab7863bbbb7ce9a9a4db94f26ab54907b6aa37a5138834ae0206121a5045,0,Stage 3 PDF/document bibliographic profile; row_count stores page count.
PRF-000074,SNP-000121,stage3-document-metadata-1.0,quality/profiles/RES-000114/SNP-000121/profile.json,quality/profiles/RES-000114/SNP-000121/PROFILE.md,quality/profiles/RES-000114/SNP-000121/schema.json,2026-09-23T10:55:05Z,PROFILED,12,1a47ab7863bbbb7ce9a9a4db94f26ab54907b6aa37a5138834ae0206121a5045,0,Stage 3 PDF/document bibliographic profile; row_count stores page count.
PRF-000075,SNP-000122,stage3-document-metadata-1.0,quality/profiles/RES-000115/SNP-000122/profile.json,quality/profiles/RES-000115/SNP-000122/PROFILE.md,quality/profiles/RES-000115/SNP-000122/schema.json,2026-09-23T10:55:05Z,PROFILED,14,1a47ab7863bbbb7ce9a9a4db94f26ab54907b6aa37a5138834ae0206121a5045,0,Stage 3 PDF/document bibliographic profile; row_count stores page count.
PRF-000076,SNP-000123,stage3-document-metadata-1.0,quality/profiles/RES-000116/SNP-000123/profile.json,quality/profiles/RES-000116/SNP-000123/PROFILE.md,quality/profiles/RES-000116/SNP-000123/schema.json,2026-09-23T10:55:05Z,PROFILED,7,1a47ab7863bbbb7ce9a9a4db94f26ab54907b6aa37a5138834ae0206121a5045,0,Stage 3 PDF/document bibliographic profile; row_count stores page count.
PRF-000077,SNP-000124,stage3-document-metadata-1.0,quality/profiles/RES-000117/SNP-000124/profile.json,quality/profiles/RES-000117/SNP-000124/PROFILE.md,quality/profiles/RES-000117/SNP-000124/schema.json,2026-09-23T10:55:05Z,PROFILED,10,1a47ab7863bbbb7ce9a9a4db94f26ab54907b6aa37a5138834ae0206121a5045,0,Stage 3 PDF/document bibliographic profile; row_count stores page count.
PRF-000078,SNP-000125,stage3-document-metadata-1.0,quality/profiles/RES-000118/SNP-000125/profile.json,quality/profiles/RES-000118/SNP-000125/PROFILE.md,quality/profiles/RES-000118/SNP-000125/schema.json,2026-09-23T10:55:05Z,PROFILED,12,1a47ab7863bbbb7ce9a9a4db94f26ab54907b6aa37a5138834ae0206121a5045,0,Stage 3 PDF/document bibliographic profile; row_count stores page count.
PRF-000079,SNP-000126,stage3-document-metadata-1.0,quality/profiles/RES-000119/SNP-000126/profile.json,quality/profiles/RES-000119/SNP-000126/PROFILE.md,quality/profiles/RES-000119/SNP-000126/schema.json,2026-09-23T10:55:05Z,PROFILED,8,1a47ab7863bbbb7ce9a9a4db94f26ab54907b6aa37a5138834ae0206121a5045,0,Stage 3 PDF/document bibliographic profile; row_count stores page count.
PRF-000080,SNP-000127,stage3-document-metadata-1.0,quality/profiles/RES-000120/SNP-000127/profile.json,quality/profiles/RES-000120/SNP-000127/PROFILE.md,quality/profiles/RES-000120/SNP-000127/schema.json,2026-09-23T10:55:05Z,PROFILED,10,1a47ab7863bbbb7ce9a9a4db94f26ab54907b6aa37a5138834ae0206121a5045,0,Stage 3 PDF/document bibliographic profile; row_count stores page count.
PRF-000081,SNP-000128,stage3-document-metadata-1.0,quality/profiles/RES-000121/SNP-000128/profile.json,quality/profiles/RES-000121/SNP-000128/PROFILE.md,quality/profiles/RES-000121/SNP-000128/schema.json,2026-09-23T10:55:05Z,PROFILED,8,1a47ab7863bbbb7ce9a9a4db94f26ab54907b6aa37a5138834ae0206121a5045,0,Stage 3 PDF/document bibliographic profile; row_count stores page count.
PRF-000082,SNP-000129,stage3-document-metadata-1.0,quality/profiles/RES-000122/SNP-000129/profile.json,quality/profiles/RES-000122/SNP-000129/PROFILE.md,quality/profiles/RES-000122/SNP-000129/schema.json,2026-09-23T10:55:05Z,PROFILED,11,1a47ab7863bbbb7ce9a9a4db94f26ab54907b6aa37a5138834ae0206121a5045,0,Stage 3 PDF/document bibliographic profile; row_count stores page count.
PRF-000083,SNP-000130,stage3-document-metadata-1.0,quality/profiles/RES-000123/SNP-000130/profile.json,quality/profiles/RES-000123/SNP-000130/PROFILE.md,quality/profiles/RES-000123/SNP-000130/schema.json,2026-09-23T10:55:05Z,PROFILED,10,1a47ab7863bbbb7ce9a9a4db94f26ab54907b6aa37a5138834ae0206121a5045,0,Stage 3 PDF/document bibliographic profile; row_count stores page count.
PRF-000084,SNP-000131,stage3-document-metadata-1.0,quality/profiles/RES-000124/SNP-000131/profile.json,quality/profiles/RES-000124/SNP-000131/PROFILE.md,quality/profiles/RES-000124/SNP-000131/schema.json,2026-09-23T10:55:05Z,PROFILED,9,1a47ab7863bbbb7ce9a9a4db94f26ab54907b6aa37a5138834ae0206121a5045,0,Stage 3 PDF/document bibliographic profile; row_count stores page count.
PRF-000085,SNP-000132,stage3-document-metadata-1.0,quality/profiles/RES-000125/SNP-000132/profile.json,quality/profiles/RES-000125/SNP-000132/PROFILE.md,quality/profiles/RES-000125/SNP-000132/schema.json,2026-09-23T10:55:05Z,PROFILED,3,1a47ab7863bbbb7ce9a9a4db94f26ab54907b6aa37a5138834ae0206121a5045,2,Stage 3 PDF/document bibliographic profile; row_count stores page count.
PRF-000086,SNP-000133,stage3-document-metadata-1.0,quality/profiles/RES-000126/SNP-000133/profile.json,quality/profiles/RES-000126/SNP-000133/PROFILE.md,quality/profiles/RES-000126/SNP-000133/schema.json,2026-09-23T10:55:05Z,PROFILED,9,1a47ab7863bbbb7ce9a9a4db94f26ab54907b6aa37a5138834ae0206121a5045,0,Stage 3 PDF/document bibliographic profile; row_count stores page count.
PRF-000087,SNP-000134,stage3-document-metadata-1.0,quality/profiles/RES-000127/SNP-000134/profile.json,quality/profiles/RES-000127/SNP-000134/PROFILE.md,quality/profiles/RES-000127/SNP-000134/schema.json,2026-09-23T10:55:05Z,PROFILED,10,1a47ab7863bbbb7ce9a9a4db94f26ab54907b6aa37a5138834ae0206121a5045,0,Stage 3 PDF/document bibliographic profile; row_count stores page count.
PRF-000088,SNP-000135,stage3-document-metadata-1.0,quality/profiles/RES-000128/SNP-000135/profile.json,quality/profiles/RES-000128/SNP-000135/PROFILE.md,quality/profiles/RES-000128/SNP-000135/schema.json,2026-09-23T10:55:05Z,PROFILED,10,1a47ab7863bbbb7ce9a9a4db94f26ab54907b6aa37a5138834ae0206121a5045,0,Stage 3 PDF/document bibliographic profile; row_count stores page count.
PRF-000089,SNP-000136,stage3-document-metadata-1.0,quality/profiles/RES-000129/SNP-000136/profile.json,quality/profiles/RES-000129/SNP-000136/PROFILE.md,quality/profiles/RES-000129/SNP-000136/schema.json,2026-09-23T10:55:05Z,PROFILED,7,1a47ab7863bbbb7ce9a9a4db94f26ab54907b6aa37a5138834ae0206121a5045,0,Stage 3 PDF/document bibliographic profile; row_count stores page count.
PRF-000090,SNP-000137,stage3-document-metadata-1.0,quality/profiles/RES-000130/SNP-000137/profile.json,quality/profiles/RES-000130/SNP-000137/PROFILE.md,quality/profiles/RES-000130/SNP-000137/schema.json,2026-09-23T10:55:05Z,PROFILED,8,1a47ab7863bbbb7ce9a9a4db94f26ab54907b6aa37a5138834ae0206121a5045,0,Stage 3 PDF/document bibliographic profile; row_count stores page count.
PRF-000091,SNP-000138,stage3-document-metadata-1.0,quality/profiles/RES-000131/SNP-000138/profile.json,quality/profiles/RES-000131/SNP-000138/PROFILE.md,quality/profiles/RES-000131/SNP-000138/schema.json,2026-09-23T10:55:05Z,PROFILED,8,1a47ab7863bbbb7ce9a9a4db94f26ab54907b6aa37a5138834ae0206121a5045,0,Stage 3 PDF/document bibliographic profile; row_count stores page count.
PRF-000092,SNP-000139,stage3-document-metadata-1.0,quality/profiles/RES-000132/SNP-000139/profile.json,quality/profiles/RES-000132/SNP-000139/PROFILE.md,quality/profiles/RES-000132/SNP-000139/schema.json,2026-09-23T10:55:05Z,PROFILED,9,1a47ab7863bbbb7ce9a9a4db94f26ab54907b6aa37a5138834ae0206121a5045,1,Stage 3 PDF/document bibliographic profile; row_count stores page count.
PRF-000093,SNP-000140,stage3-document-metadata-1.0,quality/profiles/RES-000133/SNP-000140/profile.json,quality/profiles/RES-000133/SNP-000140/PROFILE.md,quality/profiles/RES-000133/SNP-000140/schema.json,2026-09-23T10:55:05Z,PROFILED,8,1a47ab7863bbbb7ce9a9a4db94f26ab54907b6aa37a5138834ae0206121a5045,0,Stage 3 PDF/document bibliographic profile; row_count stores page count.
PRF-000094,SNP-000141,stage3-document-metadata-1.0,quality/profiles/RES-000134/SNP-000141/profile.json,quality/profiles/RES-000134/SNP-000141/PROFILE.md,quality/profiles/RES-000134/SNP-000141/schema.json,2026-09-23T10:55:05Z,PROFILED,8,1a47ab7863bbbb7ce9a9a4db94f26ab54907b6aa37a5138834ae0206121a5045,0,Stage 3 PDF/document bibliographic profile; row_count stores page count.
PRF-000095,SNP-000142,stage3-document-metadata-1.0,quality/profiles/RES-000135/SNP-000142/profile.json,quality/profiles/RES-000135/SNP-000142/PROFILE.md,quality/profiles/RES-000135/SNP-000142/schema.json,2026-09-23T10:55:05Z,PROFILED,12,1a47ab7863bbbb7ce9a9a4db94f26ab54907b6aa37a5138834ae0206121a5045,0,Stage 3 PDF/document bibliographic profile; row_count stores page count.
PRF-000096,SNP-000143,stage3-document-metadata-1.0,quality/profiles/RES-000136/SNP-000143/profile.json,quality/profiles/RES-000136/SNP-000143/PROFILE.md,quality/profiles/RES-000136/SNP-000143/schema.json,2026-09-23T10:55:05Z,PROFILED,10,1a47ab7863bbbb7ce9a9a4db94f26ab54907b6aa37a5138834ae0206121a5045,0,Stage 3 PDF/document bibliographic profile; row_count stores page count.
PRF-000097,SNP-000144,stage3-document-metadata-1.0,quality/profiles/RES-000137/SNP-000144/profile.json,quality/profiles/RES-000137/SNP-000144/PROFILE.md,quality/profiles/RES-000137/SNP-000144/schema.json,2026-09-23T10:55:05Z,PROFILED,9,1a47ab7863bbbb7ce9a9a4db94f26ab54907b6aa37a5138834ae0206121a5045,0,Stage 3 PDF/document bibliographic profile; row_count stores page count.
PRF-000098,SNP-000145,stage3-document-metadata-1.0,quality/profiles/RES-000138/SNP-000145/profile.json,quality/profiles/RES-000138/SNP-000145/PROFILE.md,quality/profiles/RES-000138/SNP-000145/schema.json,2026-09-23T10:55:05Z,PROFILED,7,1a47ab7863bbbb7ce9a9a4db94f26ab54907b6aa37a5138834ae0206121a5045,0,Stage 3 PDF/document bibliographic profile; row_count stores page count.
PRF-000099,SNP-000146,stage3-document-metadata-1.0,quality/profiles/RES-000139/SNP-000146/profile.json,quality/profiles/RES-000139/SNP-000146/PROFILE.md,quality/profiles/RES-000139/SNP-000146/schema.json,2026-09-23T10:55:05Z,PROFILED,9,1a47ab7863bbbb7ce9a9a4db94f26ab54907b6aa37a5138834ae0206121a5045,0,Stage 3 PDF/document bibliographic profile; row_count stores page count.
PRF-000100,SNP-000147,stage3-document-metadata-1.0,quality/profiles/RES-000140/SNP-000147/profile.json,quality/profiles/RES-000140/SNP-000147/PROFILE.md,quality/profiles/RES-000140/SNP-000147/schema.json,2026-09-23T10:55:05Z,PROFILED,10,1a47ab7863bbbb7ce9a9a4db94f26ab54907b6aa37a5138834ae0206121a5045,0,Stage 3 PDF/document bibliographic profile; row_count stores page count.
PRF-000101,SNP-000148,stage3-document-metadata-1.0,quality/profiles/RES-000141/SNP-000148/profile.json,quality/profiles/RES-000141/SNP-000148/PROFILE.md,quality/profiles/RES-000141/SNP-000148/schema.json,2026-09-23T10:55:05Z,PROFILED,8,1a47ab7863bbbb7ce9a9a4db94f26ab54907b6aa37a5138834ae0206121a5045,0,Stage 3 PDF/document bibliographic profile; row_count stores page count.
PRF-000102,SNP-000149,stage3-document-metadata-1.0,quality/profiles/RES-000142/SNP-000149/profile.json,quality/profiles/RES-000142/SNP-000149/PROFILE.md,quality/profiles/RES-000142/SNP-000149/schema.json,2026-09-23T10:55:05Z,PROFILED,10,1a47ab7863bbbb7ce9a9a4db94f26ab54907b6aa37a5138834ae0206121a5045,0,Stage 3 PDF/document bibliographic profile; row_count stores page count.
PRF-000103,SNP-000150,stage3-document-metadata-1.0,quality/profiles/RES-000143/SNP-000150/profile.json,quality/profiles/RES-000143/SNP-000150/PROFILE.md,quality/profiles/RES-000143/SNP-000150/schema.json,2026-09-23T10:55:05Z,PROFILED,8,1a47ab7863bbbb7ce9a9a4db94f26ab54907b6aa37a5138834ae0206121a5045,0,Stage 3 PDF/document bibliographic profile; row_count stores page count.
PRF-000104,SNP-000151,stage3-document-metadata-1.0,quality/profiles/RES-000144/SNP-000151/profile.json,quality/profiles/RES-000144/SNP-000151/PROFILE.md,quality/profiles/RES-000144/SNP-000151/schema.json,2026-09-23T10:55:05Z,PROFILED,8,1a47ab7863bbbb7ce9a9a4db94f26ab54907b6aa37a5138834ae0206121a5045,0,Stage 3 PDF/document bibliographic profile; row_count stores page count.
PRF-000105,SNP-000152,stage3-document-metadata-1.0,quality/profiles/RES-000145/SNP-000152/profile.json,quality/profiles/RES-000145/SNP-000152/PROFILE.md,quality/profiles/RES-000145/SNP-000152/schema.json,2026-09-23T10:55:05Z,PROFILED,9,1a47ab7863bbbb7ce9a9a4db94f26ab54907b6aa37a5138834ae0206121a5045,0,Stage 3 PDF/document bibliographic profile; row_count stores page count.
PRF-000106,SNP-000153,stage3-document-metadata-1.0,quality/profiles/RES-000146/SNP-000153/profile.json,quality/profiles/RES-000146/SNP-000153/PROFILE.md,quality/profiles/RES-000146/SNP-000153/schema.json,2026-09-23T10:55:05Z,PROFILED,7,1a47ab7863bbbb7ce9a9a4db94f26ab54907b6aa37a5138834ae0206121a5045,0,Stage 3 PDF/document bibliographic profile; row_count stores page count.
PRF-000107,SNP-000154,stage3-document-metadata-1.0,quality/profiles/RES-000147/SNP-000154/profile.json,quality/profiles/RES-000147/SNP-000154/PROFILE.md,quality/profiles/RES-000147/SNP-000154/schema.json,2026-09-23T10:55:05Z,PROFILED,8,1a47ab7863bbbb7ce9a9a4db94f26ab54907b6aa37a5138834ae0206121a5045,0,Stage 3 PDF/document bibliographic profile; row_count stores page count.
PRF-000108,SNP-000155,stage3-document-metadata-1.0,quality/profiles/RES-000148/SNP-000155/profile.json,quality/profiles/RES-000148/SNP-000155/PROFILE.md,quality/profiles/RES-000148/SNP-000155/schema.json,2026-09-23T10:55:05Z,PROFILED,7,1a47ab7863bbbb7ce9a9a4db94f26ab54907b6aa37a5138834ae0206121a5045,0,Stage 3 PDF/document bibliographic profile; row_count stores page count.
PRF-000109,SNP-000156,stage3-document-metadata-1.0,quality/profiles/RES-000149/SNP-000156/profile.json,quality/profiles/RES-000149/SNP-000156/PROFILE.md,quality/profiles/RES-000149/SNP-000156/schema.json,2026-09-23T10:55:05Z,PROFILED,4,1a47ab7863bbbb7ce9a9a4db94f26ab54907b6aa37a5138834ae0206121a5045,0,Stage 3 PDF/document bibliographic profile; row_count stores page count.
PRF-000110,SNP-000157,stage3-document-metadata-1.0,quality/profiles/RES-000150/SNP-000157/profile.json,quality/profiles/RES-000150/SNP-000157/PROFILE.md,quality/profiles/RES-000150/SNP-000157/schema.json,2026-09-23T10:55:05Z,PROFILED,12,1a47ab7863bbbb7ce9a9a4db94f26ab54907b6aa37a5138834ae0206121a5045,0,Stage 3 PDF/document bibliographic profile; row_count stores page count.
PRF-000111,SNP-000158,stage3-document-metadata-1.0,quality/profiles/RES-000151/SNP-000158/profile.json,quality/profiles/RES-000151/SNP-000158/PROFILE.md,quality/profiles/RES-000151/SNP-000158/schema.json,2026-09-23T10:55:05Z,PROFILED,11,1a47ab7863bbbb7ce9a9a4db94f26ab54907b6aa37a5138834ae0206121a5045,0,Stage 3 PDF/document bibliographic profile; row_count stores page count.
PRF-000112,SNP-000159,stage3-document-metadata-1.0,quality/profiles/RES-000152/SNP-000159/profile.json,quality/profiles/RES-000152/SNP-000159/PROFILE.md,quality/profiles/RES-000152/SNP-000159/schema.json,2026-09-23T10:55:05Z,PROFILED,11,1a47ab7863bbbb7ce9a9a4db94f26ab54907b6aa37a5138834ae0206121a5045,0,Stage 3 PDF/document bibliographic profile; row_count stores page count.
PRF-000113,SNP-000160,stage3-document-metadata-1.0,quality/profiles/RES-000153/SNP-000160/profile.json,quality/profiles/RES-000153/SNP-000160/PROFILE.md,quality/profiles/RES-000153/SNP-000160/schema.json,2026-09-23T10:55:05Z,PROFILED,8,1a47ab7863bbbb7ce9a9a4db94f26ab54907b6aa37a5138834ae0206121a5045,0,Stage 3 PDF/document bibliographic profile; row_count stores page count.
PRF-000114,SNP-000161,stage3-document-metadata-1.0,quality/profiles/RES-000154/SNP-000161/profile.json,quality/profiles/RES-000154/SNP-000161/PROFILE.md,quality/profiles/RES-000154/SNP-000161/schema.json,2026-09-23T10:55:05Z,PROFILED,8,1a47ab7863bbbb7ce9a9a4db94f26ab54907b6aa37a5138834ae0206121a5045,0,Stage 3 PDF/document bibliographic profile; row_count stores page count.
PRF-000115,SNP-000162,stage3-document-metadata-1.0,quality/profiles/RES-000155/SNP-000162/profile.json,quality/profiles/RES-000155/SNP-000162/PROFILE.md,quality/profiles/RES-000155/SNP-000162/schema.json,2026-09-23T10:55:05Z,PROFILED,9,1a47ab7863bbbb7ce9a9a4db94f26ab54907b6aa37a5138834ae0206121a5045,0,Stage 3 PDF/document bibliographic profile; row_count stores page count.
PRF-000116,SNP-000163,stage3-document-metadata-1.0,quality/profiles/RES-000156/SNP-000163/profile.json,quality/profiles/RES-000156/SNP-000163/PROFILE.md,quality/profiles/RES-000156/SNP-000163/schema.json,2026-09-23T10:55:05Z,PROFILED,6,1a47ab7863bbbb7ce9a9a4db94f26ab54907b6aa37a5138834ae0206121a5045,0,Stage 3 PDF/document bibliographic profile; row_count stores page count.
PRF-000117,SNP-000164,stage3-document-metadata-1.0,quality/profiles/RES-000157/SNP-000164/profile.json,quality/profiles/RES-000157/SNP-000164/PROFILE.md,quality/profiles/RES-000157/SNP-000164/schema.json,2026-09-23T10:55:05Z,PROFILED,8,1a47ab7863bbbb7ce9a9a4db94f26ab54907b6aa37a5138834ae0206121a5045,0,Stage 3 PDF/document bibliographic profile; row_count stores page count.
PRF-000118,SNP-000165,stage3-document-metadata-1.0,quality/profiles/RES-000158/SNP-000165/profile.json,quality/profiles/RES-000158/SNP-000165/PROFILE.md,quality/profiles/RES-000158/SNP-000165/schema.json,2026-09-23T10:55:05Z,PROFILED,10,1a47ab7863bbbb7ce9a9a4db94f26ab54907b6aa37a5138834ae0206121a5045,0,Stage 3 PDF/document bibliographic profile; row_count stores page count.
PRF-000119,SNP-000166,stage3-document-metadata-1.0,quality/profiles/RES-000159/SNP-000166/profile.json,quality/profiles/RES-000159/SNP-000166/PROFILE.md,quality/profiles/RES-000159/SNP-000166/schema.json,2026-09-23T10:55:05Z,PROFILED,8,1a47ab7863bbbb7ce9a9a4db94f26ab54907b6aa37a5138834ae0206121a5045,0,Stage 3 PDF/document bibliographic profile; row_count stores page count.
PRF-000120,SNP-000167,stage3-document-metadata-1.0,quality/profiles/RES-000160/SNP-000167/profile.json,quality/profiles/RES-000160/SNP-000167/PROFILE.md,quality/profiles/RES-000160/SNP-000167/schema.json,2026-09-23T10:55:05Z,PROFILED,12,1a47ab7863bbbb7ce9a9a4db94f26ab54907b6aa37a5138834ae0206121a5045,0,Stage 3 PDF/document bibliographic profile; row_count stores page count.
PRF-000121,SNP-000168,stage3-document-metadata-1.0,quality/profiles/RES-000161/SNP-000168/profile.json,quality/profiles/RES-000161/SNP-000168/PROFILE.md,quality/profiles/RES-000161/SNP-000168/schema.json,2026-09-23T10:55:05Z,PROFILED,8,1a47ab7863bbbb7ce9a9a4db94f26ab54907b6aa37a5138834ae0206121a5045,0,Stage 3 PDF/document bibliographic profile; row_count stores page count.
PRF-000122,SNP-000169,stage3-document-metadata-1.0,quality/profiles/RES-000162/SNP-000169/profile.json,quality/profiles/RES-000162/SNP-000169/PROFILE.md,quality/profiles/RES-000162/SNP-000169/schema.json,2026-09-23T10:55:05Z,PROFILED,8,1a47ab7863bbbb7ce9a9a4db94f26ab54907b6aa37a5138834ae0206121a5045,0,Stage 3 PDF/document bibliographic profile; row_count stores page count.
PRF-000123,SNP-000170,stage3-document-metadata-1.0,quality/profiles/RES-000163/SNP-000170/profile.json,quality/profiles/RES-000163/SNP-000170/PROFILE.md,quality/profiles/RES-000163/SNP-000170/schema.json,2026-09-23T10:55:05Z,PROFILED,9,1a47ab7863bbbb7ce9a9a4db94f26ab54907b6aa37a5138834ae0206121a5045,0,Stage 3 PDF/document bibliographic profile; row_count stores page count.
PRF-000124,SNP-000171,stage3-document-metadata-1.0,quality/profiles/RES-000164/SNP-000171/profile.json,quality/profiles/RES-000164/SNP-000171/PROFILE.md,quality/profiles/RES-000164/SNP-000171/schema.json,2026-09-23T10:55:05Z,PROFILED,8,1a47ab7863bbbb7ce9a9a4db94f26ab54907b6aa37a5138834ae0206121a5045,0,Stage 3 PDF/document bibliographic profile; row_count stores page count.
PRF-000125,SNP-000172,stage3-document-metadata-1.0,quality/profiles/RES-000165/SNP-000172/profile.json,quality/profiles/RES-000165/SNP-000172/PROFILE.md,quality/profiles/RES-000165/SNP-000172/schema.json,2026-09-23T10:55:05Z,PROFILED,8,1a47ab7863bbbb7ce9a9a4db94f26ab54907b6aa37a5138834ae0206121a5045,0,Stage 3 PDF/document bibliographic profile; row_count stores page count.
PRF-000126,SNP-000173,stage3-document-metadata-1.0,quality/profiles/RES-000166/SNP-000173/profile.json,quality/profiles/RES-000166/SNP-000173/PROFILE.md,quality/profiles/RES-000166/SNP-000173/schema.json,2026-09-23T10:55:05Z,PROFILED,9,1a47ab7863bbbb7ce9a9a4db94f26ab54907b6aa37a5138834ae0206121a5045,0,Stage 3 PDF/document bibliographic profile; row_count stores page count.
PRF-000127,SNP-000174,stage3-document-metadata-1.0,quality/profiles/RES-000167/SNP-000174/profile.json,quality/profiles/RES-000167/SNP-000174/PROFILE.md,quality/profiles/RES-000167/SNP-000174/schema.json,2026-09-23T10:55:05Z,PROFILED,1,1a47ab7863bbbb7ce9a9a4db94f26ab54907b6aa37a5138834ae0206121a5045,1,Stage 3 PDF/document bibliographic profile; row_count stores page count.
PRF-000128,SNP-000175,stage3-document-metadata-1.0,quality/profiles/RES-000168/SNP-000175/profile.json,quality/profiles/RES-000168/SNP-000175/PROFILE.md,quality/profiles/RES-000168/SNP-000175/schema.json,2026-09-23T10:55:05Z,PROFILED,7,1a47ab7863bbbb7ce9a9a4db94f26ab54907b6aa37a5138834ae0206121a5045,0,Stage 3 PDF/document bibliographic profile; row_count stores page count.
PRF-000129,SNP-000176,stage3-document-metadata-1.0,quality/profiles/RES-000169/SNP-000176/profile.json,quality/profiles/RES-000169/SNP-000176/PROFILE.md,quality/profiles/RES-000169/SNP-000176/schema.json,2026-09-23T10:55:05Z,PROFILED,12,1a47ab7863bbbb7ce9a9a4db94f26ab54907b6aa37a5138834ae0206121a5045,0,Stage 3 PDF/document bibliographic profile; row_count stores page count.
PRF-000130,SNP-000177,stage3-document-metadata-1.0,quality/profiles/RES-000170/SNP-000177/profile.json,quality/profiles/RES-000170/SNP-000177/PROFILE.md,quality/profiles/RES-000170/SNP-000177/schema.json,2026-09-23T10:55:05Z,PROFILED,8,1a47ab7863bbbb7ce9a9a4db94f26ab54907b6aa37a5138834ae0206121a5045,0,Stage 3 PDF/document bibliographic profile; row_count stores page count.
PRF-000131,SNP-000178,stage3-document-metadata-1.0,quality/profiles/RES-000171/SNP-000178/profile.json,quality/profiles/RES-000171/SNP-000178/PROFILE.md,quality/profiles/RES-000171/SNP-000178/schema.json,2026-09-23T10:55:05Z,PROFILED,8,1a47ab7863bbbb7ce9a9a4db94f26ab54907b6aa37a5138834ae0206121a5045,0,Stage 3 PDF/document bibliographic profile; row_count stores page count.
PRF-000132,SNP-000179,stage3-document-metadata-1.0,quality/profiles/RES-000172/SNP-000179/profile.json,quality/profiles/RES-000172/SNP-000179/PROFILE.md,quality/profiles/RES-000172/SNP-000179/schema.json,2026-09-23T10:55:05Z,PROFILED,5,1a47ab7863bbbb7ce9a9a4db94f26ab54907b6aa37a5138834ae0206121a5045,0,Stage 3 PDF/document bibliographic profile; row_count stores page count.
PRF-000133,SNP-000180,stage3-document-metadata-1.0,quality/profiles/RES-000173/SNP-000180/profile.json,quality/profiles/RES-000173/SNP-000180/PROFILE.md,quality/profiles/RES-000173/SNP-000180/schema.json,2026-09-23T10:55:05Z,PROFILED,11,1a47ab7863bbbb7ce9a9a4db94f26ab54907b6aa37a5138834ae0206121a5045,0,Stage 3 PDF/document bibliographic profile; row_count stores page count.
PRF-000134,SNP-000181,stage3-document-metadata-1.0,quality/profiles/RES-000174/SNP-000181/profile.json,quality/profiles/RES-000174/SNP-000181/PROFILE.md,quality/profiles/RES-000174/SNP-000181/schema.json,2026-09-23T10:55:05Z,PROFILED,8,1a47ab7863bbbb7ce9a9a4db94f26ab54907b6aa37a5138834ae0206121a5045,0,Stage 3 PDF/document bibliographic profile; row_count stores page count.
PRF-000135,SNP-000182,stage3-document-metadata-1.0,quality/profiles/RES-000175/SNP-000182/profile.json,quality/profiles/RES-000175/SNP-000182/PROFILE.md,quality/profiles/RES-000175/SNP-000182/schema.json,2026-09-23T10:55:05Z,PROFILED,7,1a47ab7863bbbb7ce9a9a4db94f26ab54907b6aa37a5138834ae0206121a5045,0,Stage 3 PDF/document bibliographic profile; row_count stores page count.
PRF-000136,SNP-000183,stage3-document-metadata-1.0,quality/profiles/RES-000176/SNP-000183/profile.json,quality/profiles/RES-000176/SNP-000183/PROFILE.md,quality/profiles/RES-000176/SNP-000183/schema.json,2026-09-23T10:55:05Z,PROFILED,8,1a47ab7863bbbb7ce9a9a4db94f26ab54907b6aa37a5138834ae0206121a5045,0,Stage 3 PDF/document bibliographic profile; row_count stores page count.
PRF-000137,SNP-000184,stage3-document-metadata-1.0,quality/profiles/RES-000177/SNP-000184/profile.json,quality/profiles/RES-000177/SNP-000184/PROFILE.md,quality/profiles/RES-000177/SNP-000184/schema.json,2026-09-23T10:55:05Z,PROFILED,9,1a47ab7863bbbb7ce9a9a4db94f26ab54907b6aa37a5138834ae0206121a5045,0,Stage 3 PDF/document bibliographic profile; row_count stores page count.
PRF-000138,SNP-000185,stage3-document-metadata-1.0,quality/profiles/RES-000178/SNP-000185/profile.json,quality/profiles/RES-000178/SNP-000185/PROFILE.md,quality/profiles/RES-000178/SNP-000185/schema.json,2026-09-23T10:55:05Z,PROFILED,3,1a47ab7863bbbb7ce9a9a4db94f26ab54907b6aa37a5138834ae0206121a5045,2,Stage 3 PDF/document bibliographic profile; row_count stores page count.
PRF-000139,SNP-000186,stage3-document-metadata-1.0,quality/profiles/RES-000179/SNP-000186/profile.json,quality/profiles/RES-000179/SNP-000186/PROFILE.md,quality/profiles/RES-000179/SNP-000186/schema.json,2026-09-23T10:55:05Z,PROFILED,12,1a47ab7863bbbb7ce9a9a4db94f26ab54907b6aa37a5138834ae0206121a5045,0,Stage 3 PDF/document bibliographic profile; row_count stores page count.
PRF-000140,SNP-000187,stage3-document-metadata-1.0,quality/profiles/RES-000180/SNP-000187/profile.json,quality/profiles/RES-000180/SNP-000187/PROFILE.md,quality/profiles/RES-000180/SNP-000187/schema.json,2026-09-23T10:55:05Z,PROFILED,11,1a47ab7863bbbb7ce9a9a4db94f26ab54907b6aa37a5138834ae0206121a5045,0,Stage 3 PDF/document bibliographic profile; row_count stores page count.
PRF-000141,SNP-000188,stage3-document-metadata-1.0,quality/profiles/RES-000181/SNP-000188/profile.json,quality/profiles/RES-000181/SNP-000188/PROFILE.md,quality/profiles/RES-000181/SNP-000188/schema.json,2026-09-23T10:55:05Z,PROFILED,5,1a47ab7863bbbb7ce9a9a4db94f26ab54907b6aa37a5138834ae0206121a5045,0,Stage 3 PDF/document bibliographic profile; row_count stores page count.
PRF-000142,SNP-000189,stage3-document-metadata-1.0,quality/profiles/RES-000182/SNP-000189/profile.json,quality/profiles/RES-000182/SNP-000189/PROFILE.md,quality/profiles/RES-000182/SNP-000189/schema.json,2026-09-23T10:55:05Z,PROFILED,8,1a47ab7863bbbb7ce9a9a4db94f26ab54907b6aa37a5138834ae0206121a5045,0,Stage 3 PDF/document bibliographic profile; row_count stores page count.
PRF-000143,SNP-000190,stage3-document-metadata-1.0,quality/profiles/RES-000183/SNP-000190/profile.json,quality/profiles/RES-000183/SNP-000190/PROFILE.md,quality/profiles/RES-000183/SNP-000190/schema.json,2026-09-23T10:55:05Z,PROFILED,8,1a47ab7863bbbb7ce9a9a4db94f26ab54907b6aa37a5138834ae0206121a5045,0,Stage 3 PDF/document bibliographic profile; row_count stores page count.
PRF-000144,SNP-000191,stage3-document-metadata-1.0,quality/profiles/RES-000184/SNP-000191/profile.json,quality/profiles/RES-000184/SNP-000191/PROFILE.md,quality/profiles/RES-000184/SNP-000191/schema.json,2026-09-23T10:55:05Z,PROFILED,8,1a47ab7863bbbb7ce9a9a4db94f26ab54907b6aa37a5138834ae0206121a5045,0,Stage 3 PDF/document bibliographic profile; row_count stores page count.
PRF-000145,SNP-000192,stage3-document-metadata-1.0,quality/profiles/RES-000185/SNP-000192/profile.json,quality/profiles/RES-000185/SNP-000192/PROFILE.md,quality/profiles/RES-000185/SNP-000192/schema.json,2026-09-23T10:55:05Z,PROFILED,8,1a47ab7863bbbb7ce9a9a4db94f26ab54907b6aa37a5138834ae0206121a5045,0,Stage 3 PDF/document bibliographic profile; row_count stores page count.
PRF-000146,SNP-000193,stage3-document-metadata-1.0,quality/profiles/RES-000186/SNP-000193/profile.json,quality/profiles/RES-000186/SNP-000193/PROFILE.md,quality/profiles/RES-000186/SNP-000193/schema.json,2026-09-23T10:55:05Z,PROFILED,8,1a47ab7863bbbb7ce9a9a4db94f26ab54907b6aa37a5138834ae0206121a5045,1,Stage 3 PDF/document bibliographic profile; row_count stores page count.
PRF-000147,SNP-000194,stage3-document-metadata-1.0,quality/profiles/RES-000187/SNP-000194/profile.json,quality/profiles/RES-000187/SNP-000194/PROFILE.md,quality/profiles/RES-000187/SNP-000194/schema.json,2026-09-23T10:55:05Z,PROFILED,6,1a47ab7863bbbb7ce9a9a4db94f26ab54907b6aa37a5138834ae0206121a5045,0,Stage 3 PDF/document bibliographic profile; row_count stores page count.
PRF-000148,SNP-000195,stage3-document-metadata-1.0,quality/profiles/RES-000188/SNP-000195/profile.json,quality/profiles/RES-000188/SNP-000195/PROFILE.md,quality/profiles/RES-000188/SNP-000195/schema.json,2026-09-23T10:55:05Z,PROFILED,8,1a47ab7863bbbb7ce9a9a4db94f26ab54907b6aa37a5138834ae0206121a5045,0,Stage 3 PDF/document bibliographic profile; row_count stores page count.
PRF-000149,SNP-000196,stage3-document-metadata-1.0,quality/profiles/RES-000189/SNP-000196/profile.json,quality/profiles/RES-000189/SNP-000196/PROFILE.md,quality/profiles/RES-000189/SNP-000196/schema.json,2026-09-23T10:55:05Z,PROFILED,7,1a47ab7863bbbb7ce9a9a4db94f26ab54907b6aa37a5138834ae0206121a5045,0,Stage 3 PDF/document bibliographic profile; row_count stores page count.
