snapshot_id,resource_id,snapshot_kind,version,upstream_revision,acquired_at,created_at,is_live,acquisition_state,declared_records,verified_records,declared_bytes,verified_bytes,content_fingerprint,schema_hash,is_preferred,notes
SNP-000001,RES-000001,SOURCE_FULL,,,2026-09-23,,false,ACQUIRED_VERIFIED,,,,,,,true,MIRRORED
SNP-000002,RES-000002,SOURCE_FULL,,,,,false,DEFERRED_ACCESS,,,,,,,true,MANUAL_FORM_REQUIRED
SNP-000003,RES-000003,SOURCE_FULL,,,2026-09-23,,false,ACQUIRED_VERIFIED,,,,,,,true,MIRRORED
SNP-000004,RES-000004,SOURCE_FULL,,,2026-09-23,,false,ACQUIRED_VERIFIED,,,,,,,true,MIRRORED
SNP-000005,RES-000005,SOURCE_FULL,,,,,false,DEFERRED_ACCESS,,,,,,,true,MANUAL_FORM_REQUIRED
SNP-000006,RES-000006,SOURCE_FULL,,,,,false,DEFERRED_ACCESS,,,,,,,true,MANUAL_FORM_REQUIRED
SNP-000007,RES-000007,SOURCE_FULL,,,2026-09-23,,false,ACQUIRED_VERIFIED,,,,,,,true,ACQUIRED_PRIVATE_BUCKET_LICENSE_HOLD
SNP-000008,RES-000008,SOURCE_FULL,current,,2026-09-23,,false,ACQUIRED_VERIFIED,,,,,,,true,Full private corpus.
SNP-000009,RES-000008,SOURCE_PARTIAL,saudi-git-mirror,,2026-09-23,,false,ACQUIRED_VERIFIED,,,,,,,false,Saudi test/intents Git mirror.
SNP-000010,RES-000009,SOURCE_FULL,,,2026-09-23,,false,ACQUIRED_VERIFIED,,,,,,,true,ACQUIRED_PRIVATE_BUCKET
SNP-000011,RES-000010,SOURCE_FULL,,,2026-09-23,,false,ACQUIRED_VERIFIED,,,,,,,true,ACQUIRED_PRIVATE_BUCKET
SNP-000012,RES-000011,SOURCE_FULL,,,2026-09-23,,false,ACQUIRED_VERIFIED,,,,,,,true,ACQUIRED_PRIVATE_LIBRARY
SNP-000013,RES-000012,SOURCE_SAMPLE,,,2026-09-23,,false,ACQUIRED_VERIFIED,,,,,,,true,MIRRORED
SNP-000014,RES-000013,SOURCE_FULL,,,2026-09-23,,false,ACQUIRED_VERIFIED,,,,,,,true,ACQUIRED_PRIVATE_BUCKET
SNP-000015,RES-000014,SOURCE_FULL,,,,,false,DEFERRED_ACCESS,,,,,,,true,MANUAL_FORM_REQUIRED
SNP-000016,RES-000015,SOURCE_FULL,,,,,false,BLOCKED_TECHNICAL,,,,,,,true,BLOCKED_UPSTREAM_401_404
SNP-000017,RES-000016,SOURCE_FULL,,,,,false,DEFERRED_ACCESS,,,,,,,true,MANUAL_DATAWORLD_LOGIN_REQUIRED
SNP-000018,RES-000017,SOURCE_FULL,,,,,false,DEFERRED_ACCESS,,,,,,,true,MANUAL_AUTHOR_CONTACT_REQUIRED
SNP-000019,RES-000018,SOURCE_FULL,,,2026-09-23,,false,ACQUIRED_VERIFIED,,,,,,,true,ACQUIRED_PRIVATE_BUCKET
SNP-000020,RES-000019,SOURCE_FULL,,,2026-09-23,,false,ACQUIRED_VERIFIED,,,,,,,true,ACQUIRED_PRIVATE_BUCKET
SNP-000021,RES-000020,SOURCE_FULL,,,2026-09-23,,false,ACQUIRED_VERIFIED,,,,,,,true,ACQUIRED_PRIVATE_PLUS_GIT_MIRROR
SNP-000022,RES-000021,SOURCE_FULL,full,,,,false,COMMERCIAL_NOT_ACQUIRED,,,,,,,false,Full product not acquired.
SNP-000023,RES-000021,SOURCE_SAMPLE,kaggle-preview,,2026-09-23,,false,ACQUIRED_VERIFIED,,,,,,,true,Free 50-row preview.
SNP-000024,RES-000022,SOURCE_FULL,,,2026-09-23,,false,ACQUIRED_VERIFIED,,,,,,,true,MIRRORED
SNP-000025,RES-000023,SOURCE_FULL,,,,,false,DEFERRED_ACCESS,,,,,,,true,MANUAL_LDC_LICENSE_REQUIRED
SNP-000026,RES-000024,SOURCE_FULL,,,,,false,DEFERRED_ACCESS,,,,,,,true,MANUAL_LDC_LICENSE_REQUIRED
SNP-000027,RES-000025,SOURCE_FULL,,,2026-09-23,,false,ACQUIRED_VERIFIED,,,,,,,true,ACQUIRED_PRIVATE_BUCKET
SNP-000028,RES-000026,SOURCE_FULL,,,2026-09-23,,false,ACQUIRED_VERIFIED,,,,,,,true,ACQUIRED_PRIVATE_BUCKET
SNP-000029,RES-000027,SOURCE_FULL,,,,,false,REFERENCE_ONLY,,,,,,,true,LOCATE_DATA
SNP-000030,RES-000028,SOURCE_FULL,,,,,false,REFERENCE_ONLY,,,,,,,true,LOCATE_DATA
SNP-000031,RES-000029,SOURCE_FULL,,,,,false,REFERENCE_ONLY,,,,,,,true,LOCATE_DATA
SNP-000032,RES-000030,SOURCE_FULL,,,,,false,REFERENCE_ONLY,,,,,,,true,LOCATE_DATA
SNP-000033,RES-000031,SOURCE_FULL,full,,,,false,DEFERRED_ACCESS,,,,,,,true,Full corpus deferred; public sample handled separately.
SNP-000034,RES-000032,SOURCE_FULL,,,,,false,DEFERRED_ACCESS,,,,,,,true,MANUAL_FORM_REQUIRED
SNP-000035,RES-000033,SOURCE_FULL,,,,,false,DEFERRED_ACCESS,,,,,,,true,MANUAL_INSTITUTIONAL_DUA_REQUIRED
SNP-000036,RES-000034,SOURCE_FULL,full,,,,false,DEFERRED_ACCESS,,,,,,,true,Full corpus deferred; public sample handled separately.
SNP-000037,RES-000035,SOURCE_FULL,,,,,false,COMMERCIAL_NOT_ACQUIRED,,,,,,,true,MANUAL_COMMERCIAL_REQUEST_OR_PURCHASE
SNP-000038,RES-000036,SOURCE_FULL,,,2026-09-23,,false,ACQUIRED_VERIFIED,,,,,,,true,MIRRORED
SNP-000039,RES-000037,SOURCE_FULL,,,2026-09-23,,false,ACQUIRED_VERIFIED,,,,,,,true,MIRRORED_LOW_QUALITY_REFERENCE
SNP-000040,RES-000038,SOURCE_FULL,,,2026-09-23,,false,ACQUIRED_VERIFIED,,,,,,,true,ACQUIRED_PRIVATE_BUCKET
SNP-000041,RES-000039,SOURCE_FULL,,,2026-09-23,,false,ACQUIRED_VERIFIED,,,,,,,true,ACQUIRED_PRIVATE_BUCKET
SNP-000042,RES-000040,SOURCE_FULL,,,2026-09-23,,false,ACQUIRED_VERIFIED,,,,,,,true,MIRRORED
SNP-000043,RES-000041,SOURCE_FULL,,,2026-09-23,,false,ACQUIRED_PARTIAL,,,,,,,true,ACQUIRED_PRIVATE_FULL_PLUS_PARTIAL_MIRROR
SNP-000044,RES-000042,SOURCE_FULL,,,2026-09-23,,false,ACQUIRED_VERIFIED,,,,,,,true,ACQUIRED_PRIVATE_BUCKET_LICENSE_REVIEW
SNP-000045,RES-000043,SOURCE_FULL,,,2026-09-23,,false,ACQUIRED_VERIFIED,,,,,,,true,ACQUIRED_PRIVATE_BUCKET
SNP-000046,RES-000044,SOURCE_FULL,,,2026-09-23,,false,ACQUIRED_VERIFIED,,,,,,,true,ACQUIRED_PRIVATE_BUCKET
SNP-000047,RES-000045,SOURCE_FULL,,,2026-09-23,,false,ACQUIRED_VERIFIED,,,,,,,true,ACQUIRED_PRIVATE_BUCKET
SNP-000048,RES-000046,SOURCE_FULL,,,2026-09-23,,false,ACQUIRED_VERIFIED,,,,,,,true,ACQUIRED_PRIVATE_BUCKET_RIGHTS_REVIEW
SNP-000049,RES-000047,SOURCE_FULL,,,2026-09-23,,false,ACQUIRED_VERIFIED,,,,,,,true,ACQUIRED_PRIVATE_BUCKET
SNP-000050,RES-000048,SOURCE_FULL,,,2026-09-23,,false,ACQUIRED_VERIFIED,,,,,,,true,ACQUIRED_PRIVATE_BUCKET
SNP-000051,RES-000049,SOURCE_FULL,,,2026-09-23,,false,RETIRED,,,,,,,true,"Legacy conflated AURA snapshot superseded in Stage 2 by classification, multi-label, and sentiment snapshots."
SNP-000052,RES-000050,SOURCE_FULL,,,2026-09-23,,false,ACQUIRED_VERIFIED,,,,,,,true,ACQUIRED_PRIVATE_BUCKET
SNP-000053,RES-000051,SOURCE_FULL,,,2026-09-23,,false,ACQUIRED_VERIFIED,,,,,,,true,ACQUIRED_PRIVATE_BUCKET
SNP-000054,RES-000052,SOURCE_FULL,,,2026-09-23,,false,ACQUIRED_VERIFIED,,,,,,,true,ACQUIRED_PRIVATE_BUCKET
SNP-000055,RES-000053,SOURCE_FULL,,,2026-09-23,,false,ACQUIRED_VERIFIED,,,,,,,true,ACQUIRED_PRIVATE_BUCKET
SNP-000056,RES-000054,SOURCE_FULL,,,2026-09-23,,false,ACQUIRED_VERIFIED,,,,,,,true,ACQUIRED_PRIVATE_BUCKET
SNP-000057,RES-000055,SOURCE_FULL,,,2026-09-23,,false,ACQUIRED_VERIFIED,,,,,,,true,ACQUIRED_PRIVATE_BUCKET
SNP-000058,RES-000056,SOURCE_FULL,,,2026-09-23,,false,ACQUIRED_VERIFIED,,,,,,,true,ACQUIRED_PRIVATE_BUCKET
SNP-000059,RES-000057,SOURCE_FULL,,,,,false,REFERENCE_ONLY,,,,,,,true,LOCATE_DATA
SNP-000060,RES-000058,SOURCE_FULL,,,,,false,REFERENCE_ONLY,,,,,,,true,LOCATE_DATA
SNP-000061,RES-000059,SOURCE_FULL,,,,,false,DEFERRED_ACCESS,,,,,,,true,MANUAL_LOCAL_DOWNLOAD_REQUIRED
SNP-000062,RES-000060,SOURCE_FULL,,,,,false,DEFERRED_ACCESS,,,,,,,true,MANUAL_LOCAL_DOWNLOAD_REQUIRED
SNP-000063,RES-000061,SOURCE_FULL,,,,,false,DEFERRED_ACCESS,,,,,,,true,MANUAL_ACCESS_TOKEN_REQUIRED
SNP-000064,RES-000062,SOURCE_FULL,,,,,false,REFERENCE_ONLY,,,,,,,true,Catalog/reference record only.
SNP-000065,RES-000063,SOURCE_FULL,,,,,false,REFERENCE_ONLY,,,,,,,true,Catalog/reference record only.
SNP-000066,RES-000064,SOURCE_FULL,,,,,false,REFERENCE_ONLY,,,,,,,true,Catalog/reference record only.
SNP-000067,RES-000065,SOURCE_FULL,,,,,false,REFERENCE_ONLY,,,,,,,true,Catalog/reference record only.
SNP-000068,RES-000066,SOURCE_FULL,,,,,false,REFERENCE_ONLY,,,,,,,true,Catalog/reference record only.
SNP-000069,RES-000067,SOURCE_FULL,,,,,false,REFERENCE_ONLY,,,,,,,true,Catalog/reference record only.
SNP-000070,RES-000068,SOURCE_FULL,,,,,false,REFERENCE_ONLY,,,,,,,true,Catalog/reference record only.
SNP-000071,RES-000069,SOURCE_FULL,,,,,false,REFERENCE_ONLY,,,,,,,true,Catalog/reference record only.
SNP-000072,RES-000070,SOURCE_FULL,,,,,false,REFERENCE_ONLY,,,,,,,true,Catalog/reference record only.
SNP-000073,RES-000071,SOURCE_FULL,,,,,false,REFERENCE_ONLY,,,,,,,true,Catalog/reference record only.
SNP-000074,RES-000072,SOURCE_FULL,,,,,false,REFERENCE_ONLY,,,,,,,true,Catalog/reference record only.
SNP-000075,RES-000073,SOURCE_FULL,,,,,false,REFERENCE_ONLY,,,,,,,true,Catalog/reference record only.
SNP-000076,RES-000074,SOURCE_FULL,,,,,false,REFERENCE_ONLY,,,,,,,true,Catalog/reference record only.
SNP-000077,RES-000075,SOURCE_FULL,,,,,false,REFERENCE_ONLY,,,,,,,true,Catalog/reference record only.
SNP-000078,RES-000076,SOURCE_FULL,,,,,false,REFERENCE_ONLY,,,,,,,true,Catalog/reference record only.
SNP-000079,RES-000077,SOURCE_FULL,,,,,false,REFERENCE_ONLY,,,,,,,true,Catalog/reference record only.
SNP-000080,RES-000078,SOURCE_FULL,,,,,false,REFERENCE_ONLY,,,,,,,true,Catalog/reference record only.
SNP-000081,RES-000079,SOURCE_FULL,,,,,false,REFERENCE_ONLY,,,,,,,true,Catalog/reference record only.
SNP-000082,RES-000080,SOURCE_FULL,,,,,false,REFERENCE_ONLY,,,,,,,true,Catalog/reference record only.
SNP-000083,RES-000081,SOURCE_FULL,,,2026-09-23,,false,ACQUIRED_VERIFIED,,,,,,,true,
SNP-000084,RES-000082,SOURCE_FULL,,,2026-09-23,,false,ACQUIRED_VERIFIED,,,,,,,true,
SNP-000085,RES-000083,SOURCE_FULL,,,2026-09-23,,false,ACQUIRED_VERIFIED,,,,,,,true,
SNP-000086,RES-000084,SOURCE_FULL,,,2026-09-23,,false,ACQUIRED_VERIFIED,,,,,,,true,
SNP-000087,RES-000085,SOURCE_FULL,,,2026-09-23,,false,ACQUIRED_VERIFIED,,,,,,,true,
SNP-000088,RES-000086,SOURCE_FULL,,,2026-09-23,,false,ACQUIRED_VERIFIED,,,,,,,true,
SNP-000089,RES-000087,SOURCE_FULL,,,,,false,BLOCKED_TECHNICAL,,,,,,,true,
SNP-000090,RES-000088,SOURCE_FULL,,,,,false,BLOCKED_TECHNICAL,,,,,,,true,
SNP-000091,RES-000031,SOURCE_SAMPLE,public-samples,,2026-09-23,,false,ACQUIRED_VERIFIED,,,,,,,false,Public access materials.
SNP-000092,RES-000034,SOURCE_SAMPLE,public-sample,,2026-09-23,,false,ACQUIRED_VERIFIED,,,,,,,false,Public access materials.
SNP-000093,RES-000049,SOURCE_FULL,classification,,2026-09-23,,false,ACQUIRED_VERIFIED,,,,,,,true,
SNP-000094,RES-000049,SOURCE_FULL,multi_label,,2026-09-23,,false,ACQUIRED_VERIFIED,,,,,,,false,
SNP-000095,RES-000049,SOURCE_FULL,sentiment,,2026-09-23,,false,ACQUIRED_VERIFIED,,,,,,,false,
SNP-000096,RES-000089,SOURCE_FULL,,,,,false,BLOCKED_TECHNICAL,,,,,,,true,
SNP-000097,RES-000090,SOURCE_FULL,uploaded,,2026-09-23,,false,ACQUIRED_VERIFIED,,,,,,,true,
SNP-000098,RES-000091,SOURCE_FULL,uploaded,,2026-09-23,,false,ACQUIRED_VERIFIED,,,,,,,true,
SNP-000099,RES-000092,SOURCE_FULL,uploaded,,2026-09-23,,false,ACQUIRED_VERIFIED,,,,,,,true,
SNP-000100,RES-000093,SOURCE_FULL,uploaded,,2026-09-23,,false,ACQUIRED_VERIFIED,,,,,,,true,
SNP-000101,RES-000094,SOURCE_FULL,uploaded,,2026-09-23,,false,ACQUIRED_VERIFIED,,,,,,,true,
SNP-000102,RES-000095,SOURCE_FULL,uploaded,,2026-09-23,,false,ACQUIRED_VERIFIED,,,,,,,true,
SNP-000103,RES-000096,SOURCE_FULL,archive-member,,2026-09-23,,false,ACQUIRED_VERIFIED,,,,,,,true,
SNP-000104,RES-000097,SOURCE_FULL,archive-member,,2026-09-23,,false,ACQUIRED_VERIFIED,,,,,,,true,
SNP-000105,RES-000098,SOURCE_FULL,archive-member,,2026-09-23,,false,ACQUIRED_VERIFIED,,,,,,,true,
SNP-000106,RES-000099,SOURCE_FULL,archive-member,,2026-09-23,,false,ACQUIRED_VERIFIED,,,,,,,true,
SNP-000107,RES-000100,SOURCE_FULL,archive-member,,2026-09-23,,false,ACQUIRED_VERIFIED,,,,,,,true,
SNP-000108,RES-000101,SOURCE_FULL,archive-member,,2026-09-23,,false,ACQUIRED_VERIFIED,,,,,,,true,
SNP-000109,RES-000102,SOURCE_FULL,archive-member,,2026-09-23,,false,ACQUIRED_VERIFIED,,,,,,,true,
SNP-000110,RES-000103,SOURCE_FULL,archive-member,,2026-09-23,,false,ACQUIRED_VERIFIED,,,,,,,true,
SNP-000111,RES-000104,SOURCE_FULL,archive-member,,2026-09-23,,false,ACQUIRED_VERIFIED,,,,,,,true,
SNP-000112,RES-000105,SOURCE_FULL,archive-member,,2026-09-23,,false,ACQUIRED_VERIFIED,,,,,,,true,
SNP-000113,RES-000106,SOURCE_FULL,archive-member,,2026-09-23,,false,ACQUIRED_VERIFIED,,,,,,,true,
SNP-000114,RES-000107,SOURCE_FULL,archive-member,,2026-09-23,,false,ACQUIRED_VERIFIED,,,,,,,true,
SNP-000115,RES-000108,SOURCE_FULL,archive-member,,2026-09-23,,false,ACQUIRED_VERIFIED,,,,,,,true,
SNP-000116,RES-000109,SOURCE_FULL,archive-member,,2026-09-23,,false,ACQUIRED_VERIFIED,,,,,,,true,
SNP-000117,RES-000110,SOURCE_FULL,archive-member,,2026-09-23,,false,ACQUIRED_VERIFIED,,,,,,,true,
SNP-000118,RES-000111,SOURCE_FULL,archive-member,,2026-09-23,,false,ACQUIRED_VERIFIED,,,,,,,true,
SNP-000119,RES-000112,SOURCE_FULL,archive-member,,2026-09-23,,false,ACQUIRED_VERIFIED,,,,,,,true,
SNP-000120,RES-000113,SOURCE_FULL,archive-member,,2026-09-23,,false,ACQUIRED_VERIFIED,,,,,,,true,
SNP-000121,RES-000114,SOURCE_FULL,archive-member,,2026-09-23,,false,ACQUIRED_VERIFIED,,,,,,,true,
SNP-000122,RES-000115,SOURCE_FULL,archive-member,,2026-09-23,,false,ACQUIRED_VERIFIED,,,,,,,true,
SNP-000123,RES-000116,SOURCE_FULL,archive-member,,2026-09-23,,false,ACQUIRED_VERIFIED,,,,,,,true,
SNP-000124,RES-000117,SOURCE_FULL,archive-member,,2026-09-23,,false,ACQUIRED_VERIFIED,,,,,,,true,
SNP-000125,RES-000118,SOURCE_FULL,archive-member,,2026-09-23,,false,ACQUIRED_VERIFIED,,,,,,,true,
SNP-000126,RES-000119,SOURCE_FULL,archive-member,,2026-09-23,,false,ACQUIRED_VERIFIED,,,,,,,true,
SNP-000127,RES-000120,SOURCE_FULL,archive-member,,2026-09-23,,false,ACQUIRED_VERIFIED,,,,,,,true,
SNP-000128,RES-000121,SOURCE_FULL,archive-member,,2026-09-23,,false,ACQUIRED_VERIFIED,,,,,,,true,
SNP-000129,RES-000122,SOURCE_FULL,archive-member,,2026-09-23,,false,ACQUIRED_VERIFIED,,,,,,,true,
SNP-000130,RES-000123,SOURCE_FULL,archive-member,,2026-09-23,,false,ACQUIRED_VERIFIED,,,,,,,true,
SNP-000131,RES-000124,SOURCE_FULL,archive-member,,2026-09-23,,false,ACQUIRED_VERIFIED,,,,,,,true,
SNP-000132,RES-000125,SOURCE_FULL,archive-member,,2026-09-23,,false,ACQUIRED_VERIFIED,,,,,,,true,
SNP-000133,RES-000126,SOURCE_FULL,archive-member,,2026-09-23,,false,ACQUIRED_VERIFIED,,,,,,,true,
SNP-000134,RES-000127,SOURCE_FULL,archive-member,,2026-09-23,,false,ACQUIRED_VERIFIED,,,,,,,true,
SNP-000135,RES-000128,SOURCE_FULL,archive-member,,2026-09-23,,false,ACQUIRED_VERIFIED,,,,,,,true,
SNP-000136,RES-000129,SOURCE_FULL,archive-member,,2026-09-23,,false,ACQUIRED_VERIFIED,,,,,,,true,
SNP-000137,RES-000130,SOURCE_FULL,archive-member,,2026-09-23,,false,ACQUIRED_VERIFIED,,,,,,,true,
SNP-000138,RES-000131,SOURCE_FULL,archive-member,,2026-09-23,,false,ACQUIRED_VERIFIED,,,,,,,true,
SNP-000139,RES-000132,SOURCE_FULL,archive-member,,2026-09-23,,false,ACQUIRED_VERIFIED,,,,,,,true,
SNP-000140,RES-000133,SOURCE_FULL,archive-member,,2026-09-23,,false,ACQUIRED_VERIFIED,,,,,,,true,
SNP-000141,RES-000134,SOURCE_FULL,archive-member,,2026-09-23,,false,ACQUIRED_VERIFIED,,,,,,,true,
SNP-000142,RES-000135,SOURCE_FULL,archive-member,,2026-09-23,,false,ACQUIRED_VERIFIED,,,,,,,true,
SNP-000143,RES-000136,SOURCE_FULL,archive-member,,2026-09-23,,false,ACQUIRED_VERIFIED,,,,,,,true,
SNP-000144,RES-000137,SOURCE_FULL,archive-member,,2026-09-23,,false,ACQUIRED_VERIFIED,,,,,,,true,
SNP-000145,RES-000138,SOURCE_FULL,archive-member,,2026-09-23,,false,ACQUIRED_VERIFIED,,,,,,,true,
SNP-000146,RES-000139,SOURCE_FULL,archive-member,,2026-09-23,,false,ACQUIRED_VERIFIED,,,,,,,true,
SNP-000147,RES-000140,SOURCE_FULL,archive-member,,2026-09-23,,false,ACQUIRED_VERIFIED,,,,,,,true,
SNP-000148,RES-000141,SOURCE_FULL,archive-member,,2026-09-23,,false,ACQUIRED_VERIFIED,,,,,,,true,
SNP-000149,RES-000142,SOURCE_FULL,archive-member,,2026-09-23,,false,ACQUIRED_VERIFIED,,,,,,,true,
SNP-000150,RES-000143,SOURCE_FULL,archive-member,,2026-09-23,,false,ACQUIRED_VERIFIED,,,,,,,true,
SNP-000151,RES-000144,SOURCE_FULL,archive-member,,2026-09-23,,false,ACQUIRED_VERIFIED,,,,,,,true,
SNP-000152,RES-000145,SOURCE_FULL,archive-member,,2026-09-23,,false,ACQUIRED_VERIFIED,,,,,,,true,
SNP-000153,RES-000146,SOURCE_FULL,archive-member,,2026-09-23,,false,ACQUIRED_VERIFIED,,,,,,,true,
SNP-000154,RES-000147,SOURCE_FULL,archive-member,,2026-09-23,,false,ACQUIRED_VERIFIED,,,,,,,true,
SNP-000155,RES-000148,SOURCE_FULL,archive-member,,2026-09-23,,false,ACQUIRED_VERIFIED,,,,,,,true,
SNP-000156,RES-000149,SOURCE_FULL,archive-member,,2026-09-23,,false,ACQUIRED_VERIFIED,,,,,,,true,
SNP-000157,RES-000150,SOURCE_FULL,archive-member,,2026-09-23,,false,ACQUIRED_VERIFIED,,,,,,,true,
SNP-000158,RES-000151,SOURCE_FULL,archive-member,,2026-09-23,,false,ACQUIRED_VERIFIED,,,,,,,true,
SNP-000159,RES-000152,SOURCE_FULL,archive-member,,2026-09-23,,false,ACQUIRED_VERIFIED,,,,,,,true,
SNP-000160,RES-000153,SOURCE_FULL,archive-member,,2026-09-23,,false,ACQUIRED_VERIFIED,,,,,,,true,
SNP-000161,RES-000154,SOURCE_FULL,archive-member,,2026-09-23,,false,ACQUIRED_VERIFIED,,,,,,,true,
SNP-000162,RES-000155,SOURCE_FULL,archive-member,,2026-09-23,,false,ACQUIRED_VERIFIED,,,,,,,true,
SNP-000163,RES-000156,SOURCE_FULL,archive-member,,2026-09-23,,false,ACQUIRED_VERIFIED,,,,,,,true,
SNP-000164,RES-000157,SOURCE_FULL,archive-member,,2026-09-23,,false,ACQUIRED_VERIFIED,,,,,,,true,
SNP-000165,RES-000158,SOURCE_FULL,archive-member,,2026-09-23,,false,ACQUIRED_VERIFIED,,,,,,,true,
SNP-000166,RES-000159,SOURCE_FULL,archive-member,,2026-09-23,,false,ACQUIRED_VERIFIED,,,,,,,true,
SNP-000167,RES-000160,SOURCE_FULL,archive-member,,2026-09-23,,false,ACQUIRED_VERIFIED,,,,,,,true,
SNP-000168,RES-000161,SOURCE_FULL,archive-member,,2026-09-23,,false,ACQUIRED_VERIFIED,,,,,,,true,
SNP-000169,RES-000162,SOURCE_FULL,archive-member,,2026-09-23,,false,ACQUIRED_VERIFIED,,,,,,,true,
SNP-000170,RES-000163,SOURCE_FULL,archive-member,,2026-09-23,,false,ACQUIRED_VERIFIED,,,,,,,true,
SNP-000171,RES-000164,SOURCE_FULL,archive-member,,2026-09-23,,false,ACQUIRED_VERIFIED,,,,,,,true,
SNP-000172,RES-000165,SOURCE_FULL,archive-member,,2026-09-23,,false,ACQUIRED_VERIFIED,,,,,,,true,
SNP-000173,RES-000166,SOURCE_FULL,archive-member,,2026-09-23,,false,ACQUIRED_VERIFIED,,,,,,,true,
SNP-000174,RES-000167,SOURCE_FULL,archive-member,,2026-09-23,,false,ACQUIRED_VERIFIED,,,,,,,true,
SNP-000175,RES-000168,SOURCE_FULL,archive-member,,2026-09-23,,false,ACQUIRED_VERIFIED,,,,,,,true,
SNP-000176,RES-000169,SOURCE_FULL,archive-member,,2026-09-23,,false,ACQUIRED_VERIFIED,,,,,,,true,
SNP-000177,RES-000170,SOURCE_FULL,archive-member,,2026-09-23,,false,ACQUIRED_VERIFIED,,,,,,,true,
SNP-000178,RES-000171,SOURCE_FULL,archive-member,,2026-09-23,,false,ACQUIRED_VERIFIED,,,,,,,true,
SNP-000179,RES-000172,SOURCE_FULL,archive-member,,2026-09-23,,false,ACQUIRED_VERIFIED,,,,,,,true,
SNP-000180,RES-000173,SOURCE_FULL,archive-member,,2026-09-23,,false,ACQUIRED_VERIFIED,,,,,,,true,
SNP-000181,RES-000174,SOURCE_FULL,archive-member,,2026-09-23,,false,ACQUIRED_VERIFIED,,,,,,,true,
SNP-000182,RES-000175,SOURCE_FULL,archive-member,,2026-09-23,,false,ACQUIRED_VERIFIED,,,,,,,true,
SNP-000183,RES-000176,SOURCE_FULL,archive-member,,2026-09-23,,false,ACQUIRED_VERIFIED,,,,,,,true,
SNP-000184,RES-000177,SOURCE_FULL,archive-member,,2026-09-23,,false,ACQUIRED_VERIFIED,,,,,,,true,
SNP-000185,RES-000178,SOURCE_FULL,archive-member,,2026-09-23,,false,ACQUIRED_VERIFIED,,,,,,,true,
SNP-000186,RES-000179,SOURCE_FULL,archive-member,,2026-09-23,,false,ACQUIRED_VERIFIED,,,,,,,true,
SNP-000187,RES-000180,SOURCE_FULL,archive-member,,2026-09-23,,false,ACQUIRED_VERIFIED,,,,,,,true,
SNP-000188,RES-000181,SOURCE_FULL,archive-member,,2026-09-23,,false,ACQUIRED_VERIFIED,,,,,,,true,
SNP-000189,RES-000182,SOURCE_FULL,archive-member,,2026-09-23,,false,ACQUIRED_VERIFIED,,,,,,,true,
SNP-000190,RES-000183,SOURCE_FULL,archive-member,,2026-09-23,,false,ACQUIRED_VERIFIED,,,,,,,true,
SNP-000191,RES-000184,SOURCE_FULL,archive-member,,2026-09-23,,false,ACQUIRED_VERIFIED,,,,,,,true,
SNP-000192,RES-000185,SOURCE_FULL,archive-member,,2026-09-23,,false,ACQUIRED_VERIFIED,,,,,,,true,
SNP-000193,RES-000186,SOURCE_FULL,archive-member,,2026-09-23,,false,ACQUIRED_VERIFIED,,,,,,,true,
SNP-000194,RES-000187,SOURCE_FULL,archive-member,,2026-09-23,,false,ACQUIRED_VERIFIED,,,,,,,true,
SNP-000195,RES-000188,SOURCE_FULL,archive-member,,2026-09-23,,false,ACQUIRED_VERIFIED,,,,,,,true,
SNP-000196,RES-000189,SOURCE_FULL,archive-member,,2026-09-23,,false,ACQUIRED_VERIFIED,,,,,,,true,
