snapshot_id,artifact_id,role,is_preferred,notes
SNP-000020,ART-000001,readme,false,
SNP-000020,ART-000002,readme,false,
SNP-000020,ART-000003,primary_data,true,
SNP-000020,ART-000004,primary_data,true,
SNP-000020,ART-000005,primary_data,true,
SNP-000020,ART-000006,primary_data,true,
SNP-000020,ART-000007,primary_data,true,
SNP-000020,ART-000008,primary_data,true,
SNP-000020,ART-000009,primary_data,true,
SNP-000020,ART-000010,primary_data,true,
SNP-000020,ART-000011,primary_data,true,
SNP-000020,ART-000012,primary_data,true,
SNP-000020,ART-000013,primary_data,true,
SNP-000020,ART-000014,primary_data,true,
SNP-000020,ART-000015,primary_data,true,
SNP-000020,ART-000016,primary_data,true,
SNP-000020,ART-000017,primary_data,true,
SNP-000020,ART-000018,primary_data,true,
SNP-000020,ART-000019,primary_data,true,
SNP-000020,ART-000020,primary_data,true,
SNP-000020,ART-000021,primary_data,true,
SNP-000010,ART-000022,readme,false,
SNP-000010,ART-000023,readme,false,
SNP-000010,ART-000024,primary_data,true,
SNP-000091,ART-000025,primary_data,true,
SNP-000091,ART-000026,primary_data,true,
SNP-000091,ART-000027,licence,false,
SNP-000092,ART-000028,licence,false,
SNP-000092,ART-000029,primary_data,true,
SNP-000091,ART-000030,readme,false,
SNP-000092,ART-000030,readme,false,
SNP-000028,ART-000031,readme,false,
SNP-000028,ART-000032,primary_data,true,
SNP-000027,ART-000033,readme,false,
SNP-000027,ART-000034,primary_data,true,
SNP-000019,ART-000035,readme,false,
SNP-000019,ART-000036,readme,false,
SNP-000019,ART-000037,primary_data,true,
SNP-000041,ART-000038,readme,false,
SNP-000041,ART-000039,readme,false,
SNP-000041,ART-000040,raw_archive,false,
SNP-000041,ART-000041,primary_data,true,
SNP-000040,ART-000042,readme,false,
SNP-000040,ART-000043,readme,false,
SNP-000040,ART-000044,primary_data,true,
SNP-000040,ART-000045,primary_data,true,
SNP-000040,ART-000046,primary_data,true,
SNP-000040,ART-000047,primary_data,true,
SNP-000040,ART-000048,primary_data,true,
SNP-000040,ART-000049,primary_data,true,
SNP-000040,ART-000050,primary_data,true,
SNP-000040,ART-000051,primary_data,true,
SNP-000040,ART-000052,primary_data,true,
SNP-000040,ART-000053,primary_data,true,
SNP-000040,ART-000054,primary_data,true,
SNP-000040,ART-000055,primary_data,true,
SNP-000040,ART-000056,primary_data,true,
SNP-000040,ART-000057,primary_data,true,
SNP-000040,ART-000058,primary_data,true,
SNP-000040,ART-000059,primary_data,true,
SNP-000040,ART-000060,primary_data,true,
SNP-000040,ART-000061,primary_data,true,
SNP-000040,ART-000062,primary_data,true,
SNP-000040,ART-000063,primary_data,true,
SNP-000040,ART-000064,primary_data,true,
SNP-000040,ART-000065,primary_data,true,
SNP-000040,ART-000066,primary_data,true,
SNP-000040,ART-000067,primary_data,true,
SNP-000040,ART-000068,primary_data,true,
SNP-000040,ART-000069,primary_data,true,
SNP-000040,ART-000070,primary_data,true,
SNP-000040,ART-000071,primary_data,true,
SNP-000040,ART-000072,primary_data,true,
SNP-000040,ART-000073,primary_data,true,
SNP-000040,ART-000074,primary_data,true,
SNP-000040,ART-000075,primary_data,true,
SNP-000040,ART-000076,primary_data,true,
SNP-000040,ART-000077,primary_data,true,
SNP-000040,ART-000078,primary_data,true,
SNP-000040,ART-000079,primary_data,true,
SNP-000040,ART-000080,primary_data,true,
SNP-000040,ART-000081,primary_data,true,
SNP-000040,ART-000082,primary_data,true,
SNP-000040,ART-000083,primary_data,true,
SNP-000040,ART-000084,primary_data,true,
SNP-000040,ART-000085,primary_data,true,
SNP-000040,ART-000086,primary_data,true,
SNP-000040,ART-000087,primary_data,true,
SNP-000014,ART-000088,readme,false,
SNP-000014,ART-000089,primary_data,true,
SNP-000014,ART-000090,primary_data,true,
SNP-000014,ART-000091,primary_data,true,
SNP-000014,ART-000092,primary_data,true,
SNP-000014,ART-000093,primary_data,true,
SNP-000014,ART-000094,primary_data,true,
SNP-000014,ART-000095,primary_data,true,
SNP-000014,ART-000096,primary_data,true,
SNP-000014,ART-000097,primary_data,true,
SNP-000014,ART-000098,primary_data,true,
SNP-000014,ART-000099,primary_data,true,
SNP-000014,ART-000100,primary_data,true,
SNP-000014,ART-000101,primary_data,true,
SNP-000014,ART-000102,primary_data,true,
SNP-000014,ART-000103,primary_data,true,
SNP-000014,ART-000104,primary_data,true,
SNP-000014,ART-000105,primary_data,true,
SNP-000014,ART-000106,primary_data,true,
SNP-000014,ART-000107,primary_data,true,
SNP-000014,ART-000108,primary_data,true,
SNP-000014,ART-000109,primary_data,true,
SNP-000014,ART-000110,primary_data,true,
SNP-000014,ART-000111,readme,false,
SNP-000014,ART-000112,primary_data,true,
SNP-000014,ART-000113,primary_data,true,
SNP-000014,ART-000114,primary_data,true,
SNP-000014,ART-000115,primary_data,true,
SNP-000014,ART-000116,primary_data,true,
SNP-000014,ART-000117,primary_data,true,
SNP-000014,ART-000118,primary_data,true,
SNP-000014,ART-000119,primary_data,true,
SNP-000014,ART-000120,primary_data,true,
SNP-000014,ART-000121,primary_data,true,
SNP-000014,ART-000122,primary_data,true,
SNP-000014,ART-000123,primary_data,true,
SNP-000014,ART-000124,primary_data,true,
SNP-000014,ART-000125,metadata,false,Stage 3 audit: documentation image, not primary data.
SNP-000014,ART-000126,metadata,false,Stage 3 audit: documentation image, not primary data.
SNP-000011,ART-000127,readme,false,
SNP-000011,ART-000128,readme,false,
SNP-000011,ART-000129,primary_data,true,
SNP-000011,ART-000130,primary_data,true,
SNP-000011,ART-000131,primary_data,true,
SNP-000011,ART-000132,primary_data,true,
SNP-000011,ART-000133,primary_data,true,
SNP-000011,ART-000134,primary_data,true,
SNP-000011,ART-000135,primary_data,true,
SNP-000011,ART-000136,primary_data,true,
SNP-000011,ART-000137,primary_data,true,
SNP-000011,ART-000138,primary_data,true,
SNP-000011,ART-000139,primary_data,true,
SNP-000011,ART-000140,primary_data,true,
SNP-000011,ART-000141,primary_data,true,
SNP-000011,ART-000142,primary_data,true,
SNP-000011,ART-000143,primary_data,true,
SNP-000011,ART-000144,primary_data,true,
SNP-000011,ART-000145,primary_data,true,
SNP-000011,ART-000146,primary_data,true,
SNP-000011,ART-000147,primary_data,true,
SNP-000011,ART-000148,primary_data,true,
SNP-000011,ART-000149,primary_data,true,
SNP-000011,ART-000150,primary_data,true,
SNP-000011,ART-000151,primary_data,true,
SNP-000011,ART-000152,primary_data,true,
SNP-000011,ART-000153,primary_data,true,
SNP-000011,ART-000154,primary_data,true,
SNP-000011,ART-000155,primary_data,true,
SNP-000011,ART-000156,primary_data,true,
SNP-000011,ART-000157,primary_data,true,
SNP-000011,ART-000158,primary_data,true,
SNP-000011,ART-000159,primary_data,true,
SNP-000021,ART-000160,metadata,false,Stage 3 audit: .gitattributes metadata, not primary data.
SNP-000021,ART-000161,readme,false,
SNP-000021,ART-000162,primary_data,true,
SNP-000085,ART-000163,metadata,false,
SNP-000085,ART-000164,readme,false,
SNP-000085,ART-000165,primary_data,true,
SNP-000086,ART-000166,metadata,false,
SNP-000086,ART-000167,readme,false,
SNP-000086,ART-000168,primary_data,true,
SNP-000086,ART-000169,primary_data,true,
SNP-000086,ART-000170,primary_data,true,
SNP-000086,ART-000171,primary_data,true,
SNP-000086,ART-000172,primary_data,true,
SNP-000086,ART-000173,primary_data,true,
SNP-000086,ART-000174,primary_data,true,
SNP-000086,ART-000175,primary_data,true,
SNP-000086,ART-000176,primary_data,true,
SNP-000086,ART-000177,primary_data,true,
SNP-000086,ART-000178,primary_data,true,
SNP-000086,ART-000179,primary_data,true,
SNP-000086,ART-000180,primary_data,true,
SNP-000086,ART-000181,primary_data,true,
SNP-000086,ART-000182,primary_data,true,
SNP-000086,ART-000183,primary_data,true,
SNP-000086,ART-000184,primary_data,true,
SNP-000086,ART-000185,primary_data,true,
SNP-000086,ART-000186,primary_data,true,
SNP-000086,ART-000187,primary_data,true,
SNP-000086,ART-000188,primary_data,true,
SNP-000086,ART-000189,primary_data,true,
SNP-000086,ART-000190,primary_data,true,
SNP-000086,ART-000191,primary_data,true,
SNP-000086,ART-000192,primary_data,true,
SNP-000086,ART-000193,primary_data,true,
SNP-000086,ART-000194,primary_data,true,
SNP-000086,ART-000195,primary_data,true,
SNP-000086,ART-000196,primary_data,true,
SNP-000086,ART-000197,primary_data,true,
SNP-000086,ART-000198,primary_data,true,
SNP-000086,ART-000199,primary_data,true,
SNP-000086,ART-000200,primary_data,true,
SNP-000086,ART-000201,primary_data,true,
SNP-000086,ART-000202,primary_data,true,
SNP-000086,ART-000203,primary_data,true,
SNP-000086,ART-000204,primary_data,true,
SNP-000086,ART-000205,primary_data,true,
SNP-000086,ART-000206,primary_data,true,
SNP-000086,ART-000207,primary_data,true,
SNP-000086,ART-000208,primary_data,true,
SNP-000086,ART-000209,primary_data,true,
SNP-000086,ART-000210,primary_data,true,
SNP-000086,ART-000211,primary_data,true,
SNP-000086,ART-000212,primary_data,true,
SNP-000086,ART-000213,primary_data,true,
SNP-000086,ART-000214,primary_data,true,
SNP-000086,ART-000215,primary_data,true,
SNP-000086,ART-000216,primary_data,true,
SNP-000086,ART-000217,primary_data,true,
SNP-000086,ART-000218,primary_data,true,
SNP-000086,ART-000219,primary_data,true,
SNP-000086,ART-000220,primary_data,true,
SNP-000086,ART-000221,primary_data,true,
SNP-000086,ART-000222,primary_data,true,
SNP-000086,ART-000223,primary_data,true,
SNP-000086,ART-000224,primary_data,true,
SNP-000086,ART-000225,primary_data,true,
SNP-000086,ART-000226,primary_data,true,
SNP-000086,ART-000227,primary_data,true,
SNP-000086,ART-000228,primary_data,true,
SNP-000086,ART-000229,primary_data,true,
SNP-000086,ART-000230,primary_data,true,
SNP-000086,ART-000231,primary_data,true,
SNP-000086,ART-000232,primary_data,true,
SNP-000086,ART-000233,primary_data,true,
SNP-000086,ART-000234,primary_data,true,
SNP-000086,ART-000235,primary_data,true,
SNP-000086,ART-000236,primary_data,true,
SNP-000086,ART-000237,primary_data,true,
SNP-000086,ART-000238,primary_data,true,
SNP-000086,ART-000239,primary_data,true,
SNP-000086,ART-000240,primary_data,true,
SNP-000086,ART-000241,primary_data,true,
SNP-000086,ART-000242,primary_data,true,
SNP-000086,ART-000243,primary_data,true,
SNP-000086,ART-000244,primary_data,true,
SNP-000086,ART-000245,primary_data,true,
SNP-000086,ART-000246,primary_data,true,
SNP-000086,ART-000247,primary_data,true,
SNP-000086,ART-000248,primary_data,true,
SNP-000086,ART-000249,primary_data,true,
SNP-000086,ART-000250,primary_data,true,
SNP-000086,ART-000251,primary_data,true,
SNP-000086,ART-000252,primary_data,true,
SNP-000086,ART-000253,primary_data,true,
SNP-000086,ART-000254,primary_data,true,
SNP-000086,ART-000255,primary_data,true,
SNP-000086,ART-000256,primary_data,true,
SNP-000086,ART-000257,primary_data,true,
SNP-000086,ART-000258,primary_data,true,
SNP-000086,ART-000259,primary_data,true,
SNP-000086,ART-000260,primary_data,true,
SNP-000086,ART-000261,primary_data,true,
SNP-000086,ART-000262,primary_data,true,
SNP-000086,ART-000263,primary_data,true,
SNP-000086,ART-000264,primary_data,true,
SNP-000086,ART-000265,primary_data,true,
SNP-000086,ART-000266,primary_data,true,
SNP-000086,ART-000267,primary_data,true,
SNP-000086,ART-000268,primary_data,true,
SNP-000086,ART-000269,primary_data,true,
SNP-000086,ART-000270,primary_data,true,
SNP-000086,ART-000271,primary_data,true,
SNP-000086,ART-000272,primary_data,true,
SNP-000086,ART-000273,primary_data,true,
SNP-000086,ART-000274,primary_data,true,
SNP-000086,ART-000275,primary_data,true,
SNP-000086,ART-000276,primary_data,true,
SNP-000086,ART-000277,primary_data,true,
SNP-000086,ART-000278,primary_data,true,
SNP-000086,ART-000279,primary_data,true,
SNP-000086,ART-000280,primary_data,true,
SNP-000086,ART-000281,primary_data,true,
SNP-000086,ART-000282,primary_data,true,
SNP-000086,ART-000283,primary_data,true,
SNP-000086,ART-000284,primary_data,true,
SNP-000086,ART-000285,primary_data,true,
SNP-000086,ART-000286,primary_data,true,
SNP-000086,ART-000287,primary_data,true,
SNP-000086,ART-000288,primary_data,true,
SNP-000086,ART-000289,primary_data,true,
SNP-000086,ART-000290,primary_data,true,
SNP-000086,ART-000291,primary_data,true,
SNP-000086,ART-000292,primary_data,true,
SNP-000086,ART-000293,primary_data,true,
SNP-000086,ART-000294,primary_data,true,
SNP-000086,ART-000295,primary_data,true,
SNP-000086,ART-000296,primary_data,true,
SNP-000086,ART-000297,primary_data,true,
SNP-000086,ART-000298,primary_data,true,
SNP-000086,ART-000299,primary_data,true,
SNP-000086,ART-000300,primary_data,true,
SNP-000086,ART-000301,primary_data,true,
SNP-000086,ART-000302,primary_data,true,
SNP-000086,ART-000303,primary_data,true,
SNP-000086,ART-000304,primary_data,true,
SNP-000086,ART-000305,primary_data,true,
SNP-000086,ART-000306,primary_data,true,
SNP-000086,ART-000307,primary_data,true,
SNP-000086,ART-000308,primary_data,true,
SNP-000086,ART-000309,primary_data,true,
SNP-000086,ART-000310,primary_data,true,
SNP-000086,ART-000311,primary_data,true,
SNP-000086,ART-000312,primary_data,true,
SNP-000086,ART-000313,primary_data,true,
SNP-000086,ART-000314,primary_data,true,
SNP-000086,ART-000315,primary_data,true,
SNP-000086,ART-000316,primary_data,true,
SNP-000086,ART-000317,primary_data,true,
SNP-000086,ART-000318,primary_data,true,
SNP-000086,ART-000319,primary_data,true,
SNP-000086,ART-000320,primary_data,true,
SNP-000086,ART-000321,primary_data,true,
SNP-000086,ART-000322,primary_data,true,
SNP-000086,ART-000323,primary_data,true,
SNP-000086,ART-000324,primary_data,true,
SNP-000086,ART-000325,primary_data,true,
SNP-000086,ART-000326,primary_data,true,
SNP-000086,ART-000327,primary_data,true,
SNP-000086,ART-000328,primary_data,true,
SNP-000086,ART-000329,primary_data,true,
SNP-000086,ART-000330,primary_data,true,
SNP-000086,ART-000331,primary_data,true,
SNP-000086,ART-000332,primary_data,true,
SNP-000086,ART-000333,primary_data,true,
SNP-000086,ART-000334,primary_data,true,
SNP-000086,ART-000335,primary_data,true,
SNP-000086,ART-000336,primary_data,true,
SNP-000086,ART-000337,primary_data,true,
SNP-000086,ART-000338,primary_data,true,
SNP-000086,ART-000339,primary_data,true,
SNP-000086,ART-000340,primary_data,true,
SNP-000086,ART-000341,primary_data,true,
SNP-000086,ART-000342,primary_data,true,
SNP-000086,ART-000343,primary_data,true,
SNP-000086,ART-000344,primary_data,true,
SNP-000086,ART-000345,primary_data,true,
SNP-000086,ART-000346,primary_data,true,
SNP-000086,ART-000347,primary_data,true,
SNP-000086,ART-000348,primary_data,true,
SNP-000086,ART-000349,primary_data,true,
SNP-000086,ART-000350,primary_data,true,
SNP-000086,ART-000351,primary_data,true,
SNP-000086,ART-000352,primary_data,true,
SNP-000086,ART-000353,primary_data,true,
SNP-000086,ART-000354,primary_data,true,
SNP-000086,ART-000355,primary_data,true,
SNP-000086,ART-000356,primary_data,true,
SNP-000086,ART-000357,primary_data,true,
SNP-000086,ART-000358,primary_data,true,
SNP-000086,ART-000359,primary_data,true,
SNP-000086,ART-000360,primary_data,true,
SNP-000086,ART-000361,primary_data,true,
SNP-000086,ART-000362,primary_data,true,
SNP-000086,ART-000363,primary_data,true,
SNP-000086,ART-000364,primary_data,true,
SNP-000086,ART-000365,primary_data,true,
SNP-000086,ART-000366,primary_data,true,
SNP-000086,ART-000367,primary_data,true,
SNP-000086,ART-000368,primary_data,true,
SNP-000086,ART-000369,primary_data,true,
SNP-000086,ART-000370,primary_data,true,
SNP-000086,ART-000371,primary_data,true,
SNP-000086,ART-000372,primary_data,true,
SNP-000086,ART-000373,primary_data,true,
SNP-000086,ART-000374,primary_data,true,
SNP-000086,ART-000375,primary_data,true,
SNP-000086,ART-000376,primary_data,true,
SNP-000086,ART-000377,primary_data,true,
SNP-000086,ART-000378,primary_data,true,
SNP-000086,ART-000379,primary_data,true,
SNP-000086,ART-000380,primary_data,true,
SNP-000086,ART-000381,primary_data,true,
SNP-000086,ART-000382,primary_data,true,
SNP-000086,ART-000383,primary_data,true,
SNP-000086,ART-000384,primary_data,true,
SNP-000086,ART-000385,primary_data,true,
SNP-000086,ART-000386,primary_data,true,
SNP-000086,ART-000387,primary_data,true,
SNP-000086,ART-000388,primary_data,true,
SNP-000086,ART-000389,primary_data,true,
SNP-000086,ART-000390,primary_data,true,
SNP-000086,ART-000391,primary_data,true,
SNP-000086,ART-000392,primary_data,true,
SNP-000086,ART-000393,primary_data,true,
SNP-000086,ART-000394,primary_data,true,
SNP-000086,ART-000395,primary_data,true,
SNP-000086,ART-000396,primary_data,true,
SNP-000086,ART-000397,primary_data,true,
SNP-000086,ART-000398,primary_data,true,
SNP-000086,ART-000399,primary_data,true,
SNP-000086,ART-000400,primary_data,true,
SNP-000086,ART-000401,primary_data,true,
SNP-000086,ART-000402,primary_data,true,
SNP-000086,ART-000403,primary_data,true,
SNP-000086,ART-000404,primary_data,true,
SNP-000086,ART-000405,raw_archive,false,
SNP-000087,ART-000406,readme,false,
SNP-000087,ART-000407,readme,false,
SNP-000087,ART-000408,primary_data,true,
SNP-000088,ART-000409,readme,false,
SNP-000088,ART-000410,readme,false,
SNP-000088,ART-000411,primary_data,true,
SNP-000054,ART-000412,readme,false,
SNP-000054,ART-000413,primary_data,true,
SNP-000057,ART-000414,readme,false,
SNP-000057,ART-000415,primary_data,true,
SNP-000057,ART-000416,primary_data,true,
SNP-000057,ART-000417,primary_data,true,
SNP-000057,ART-000418,primary_data,true,
SNP-000056,ART-000419,primary_data,true,
SNP-000056,ART-000420,readme,false,
SNP-000055,ART-000421,readme,false,
SNP-000055,ART-000422,primary_data,true,
SNP-000058,ART-000423,primary_data,true,
SNP-000058,ART-000424,readme,false,
SNP-000058,ART-000425,raw_archive,false,
SNP-000058,ART-000426,raw_archive,false,
SNP-000008,ART-000427,primary_data,true,
SNP-000008,ART-000428,metadata,false,Stage 3 audit: intent label vocabulary, not record data.
SNP-000008,ART-000429,licence,false,
SNP-000008,ART-000430,readme,false,
SNP-000008,ART-000431,readme,false,
SNP-000053,ART-000432,readme,false,
SNP-000053,ART-000433,raw_archive,false,
SNP-000052,ART-000434,readme,false,
SNP-000052,ART-000435,readme,false,
SNP-000052,ART-000436,primary_data,true,
SNP-000093,ART-000437,readme,false,
SNP-000093,ART-000438,primary_data,true,
SNP-000093,ART-000439,readme,false,
SNP-000093,ART-000440,primary_data,true,
SNP-000094,ART-000441,readme,false,
SNP-000094,ART-000442,primary_data,true,
SNP-000095,ART-000443,readme,false,
SNP-000095,ART-000444,primary_data,true,
SNP-000050,ART-000445,readme,false,
SNP-000050,ART-000446,readme,false,
SNP-000050,ART-000447,primary_data,true,
SNP-000049,ART-000448,licence,false,
SNP-000049,ART-000449,readme,false,
SNP-000049,ART-000450,readme,false,
SNP-000049,ART-000451,raw_archive,false,
SNP-000048,ART-000452,readme,false,
SNP-000048,ART-000453,primary_data,true,
SNP-000047,ART-000454,readme,false,
SNP-000083,ART-000454,readme,false,
SNP-000047,ART-000455,readme,false,
SNP-000047,ART-000456,primary_data,true,
SNP-000083,ART-000457,licence,false,
SNP-000083,ART-000458,primary_data,true,
SNP-000046,ART-000459,readme,false,
SNP-000046,ART-000460,readme,false,
SNP-000046,ART-000461,primary_data,true,
SNP-000043,ART-000462,metadata,false,Stage 3 audit: .gitattributes metadata, not primary data.
SNP-000043,ART-000463,readme,false,
SNP-000043,ART-000464,primary_data,true,
SNP-000043,ART-000465,primary_data,true,
SNP-000043,ART-000466,primary_data,true,
SNP-000043,ART-000467,primary_data,true,
SNP-000043,ART-000468,primary_data,true,
SNP-000043,ART-000469,primary_data,true,
SNP-000043,ART-000470,primary_data,true,
SNP-000043,ART-000471,primary_data,true,
SNP-000043,ART-000472,primary_data,true,
SNP-000043,ART-000473,primary_data,true,
SNP-000043,ART-000474,primary_data,true,
SNP-000043,ART-000475,primary_data,true,
SNP-000043,ART-000476,primary_data,true,
SNP-000043,ART-000477,primary_data,true,
SNP-000043,ART-000478,primary_data,true,
SNP-000043,ART-000479,primary_data,true,
SNP-000007,ART-000480,metadata,false,Stage 3 audit: .gitattributes metadata, not primary data.
SNP-000007,ART-000481,readme,false,
SNP-000007,ART-000482,primary_data,true,
SNP-000007,ART-000483,primary_data,true,
SNP-000007,ART-000484,primary_data,true,
SNP-000044,ART-000485,metadata,false,Stage 3 audit: .gitattributes metadata, not primary data.
SNP-000044,ART-000486,readme,false,
SNP-000044,ART-000487,primary_data,true,
SNP-000045,ART-000488,metadata,false,Stage 3 audit: .gitattributes metadata, not primary data.
SNP-000045,ART-000489,readme,false,
SNP-000045,ART-000490,metadata,false,Stage 3 audit: documentation image, not primary data.
SNP-000045,ART-000491,metadata,false,Stage 3 audit: documentation image, not primary data.
SNP-000045,ART-000492,metadata,false,Stage 3 audit: documentation image, not primary data.
SNP-000045,ART-000493,metadata,false,Stage 3 audit: documentation image, not primary data.
SNP-000045,ART-000494,metadata,false,Stage 3 audit: documentation image, not primary data.
SNP-000045,ART-000495,primary_data,true,
SNP-000024,ART-000496,primary_data,true,
SNP-000003,ART-000497,raw_archive,false,
SNP-000004,ART-000498,metadata,false,
SNP-000024,ART-000498,metadata,false,
SNP-000003,ART-000498,metadata,false,
SNP-000004,ART-000499,readme,false,
SNP-000024,ART-000499,readme,false,
SNP-000003,ART-000499,readme,false,
SNP-000004,ART-000500,primary_data,true,
SNP-000004,ART-000501,primary_data,true,
SNP-000004,ART-000502,primary_data,true,
SNP-000038,ART-000503,licence,false,
SNP-000038,ART-000504,primary_data,true,
SNP-000038,ART-000505,readme,false,
SNP-000038,ART-000506,primary_data,true,
SNP-000038,ART-000507,metadata,false,
SNP-000043,ART-000508,raw_archive,false,
SNP-000013,ART-000509,raw_archive,false,
SNP-000043,ART-000510,metadata,false,
SNP-000013,ART-000510,metadata,false,
SNP-000042,ART-000510,metadata,false,
SNP-000043,ART-000511,readme,false,
SNP-000013,ART-000511,readme,false,
SNP-000042,ART-000511,readme,false,
SNP-000042,ART-000512,raw_archive,false,
SNP-000001,ART-000513,raw_archive,false,
SNP-000001,ART-000514,raw_archive,false,
SNP-000001,ART-000515,raw_archive,false,
SNP-000001,ART-000516,raw_archive,false,
SNP-000001,ART-000517,raw_archive,false,
SNP-000001,ART-000518,raw_archive,false,
SNP-000001,ART-000519,raw_archive,false,
SNP-000001,ART-000520,metadata,false,
SNP-000001,ART-000521,readme,false,
SNP-000001,ART-000522,raw_archive,false,
SNP-000009,ART-000523,primary_data,true,
SNP-000009,ART-000524,metadata,false,Stage 3 audit: intent label vocabulary, not record data.
SNP-000084,ART-000525,primary_data,true,
SNP-000084,ART-000526,metadata,false,
SNP-000084,ART-000527,readme,false,
SNP-000084,ART-000528,readme,false,
SNP-000084,ART-000529,metadata,false,Stage 3 audit: data explanation/documentation, not record data.
SNP-000001,ART-000530,primary_data,true,
SNP-000023,ART-000531,readme,false,
SNP-000023,ART-000532,readme,false,
SNP-000023,ART-000533,primary_data,true,
SNP-000023,ART-000534,primary_data,true,
SNP-000023,ART-000535,primary_data,true,
SNP-000023,ART-000536,primary_data,true,
SNP-000023,ART-000537,primary_data,true,
SNP-000023,ART-000538,primary_data,true,
SNP-000023,ART-000539,primary_data,true,
SNP-000023,ART-000540,primary_data,true,
SNP-000023,ART-000541,primary_data,true,
SNP-000023,ART-000542,metadata,false,Stage 3 audit: dataset metadata, not record data.
SNP-000023,ART-000543,metadata,false,
SNP-000021,ART-000544,metadata,false,
SNP-000021,ART-000545,readme,false,
SNP-000021,ART-000546,readme,false,
SNP-000021,ART-000547,primary_data,true,
SNP-000039,ART-000548,licence,false,
SNP-000039,ART-000549,readme,false,
SNP-000039,ART-000550,metadata,false,Stage 3 audit: source notes, not record data.
SNP-000039,ART-000551,primary_data,true,
SNP-000039,ART-000552,primary_data,true,
SNP-000097,ART-000553,primary_data,true,
SNP-000098,ART-000554,primary_data,true,
SNP-000099,ART-000555,primary_data,true,
SNP-000100,ART-000556,primary_data,true,
SNP-000101,ART-000557,primary_data,true,
SNP-000102,ART-000558,primary_data,true,
SNP-000012,ART-000559,raw_archive,false,
SNP-000012,ART-000560,primary_data,true,
SNP-000103,ART-000562,primary_data,true,
SNP-000104,ART-000563,primary_data,true,
SNP-000105,ART-000564,primary_data,true,
SNP-000106,ART-000565,primary_data,true,
SNP-000107,ART-000566,primary_data,true,
SNP-000108,ART-000567,primary_data,true,
SNP-000109,ART-000568,primary_data,true,
SNP-000110,ART-000569,primary_data,true,
SNP-000111,ART-000570,primary_data,true,
SNP-000112,ART-000571,primary_data,true,
SNP-000113,ART-000572,primary_data,true,
SNP-000114,ART-000573,primary_data,true,
SNP-000115,ART-000574,primary_data,true,
SNP-000116,ART-000575,primary_data,true,
SNP-000117,ART-000576,primary_data,true,
SNP-000118,ART-000577,primary_data,true,
SNP-000119,ART-000578,primary_data,true,
SNP-000120,ART-000579,primary_data,true,
SNP-000121,ART-000580,primary_data,true,
SNP-000122,ART-000581,primary_data,true,
SNP-000123,ART-000582,primary_data,true,
SNP-000124,ART-000583,primary_data,true,
SNP-000125,ART-000584,primary_data,true,
SNP-000126,ART-000585,primary_data,true,
SNP-000127,ART-000586,primary_data,true,
SNP-000128,ART-000587,primary_data,true,
SNP-000129,ART-000588,primary_data,true,
SNP-000130,ART-000589,primary_data,true,
SNP-000131,ART-000590,primary_data,true,
SNP-000132,ART-000591,primary_data,true,
SNP-000133,ART-000592,primary_data,true,
SNP-000134,ART-000593,primary_data,true,
SNP-000135,ART-000594,primary_data,true,
SNP-000136,ART-000595,primary_data,true,
SNP-000137,ART-000596,primary_data,true,
SNP-000138,ART-000597,primary_data,true,
SNP-000139,ART-000598,primary_data,true,
SNP-000140,ART-000599,primary_data,true,
SNP-000141,ART-000600,primary_data,true,
SNP-000142,ART-000601,primary_data,true,
SNP-000143,ART-000602,primary_data,true,
SNP-000144,ART-000603,primary_data,true,
SNP-000145,ART-000604,primary_data,true,
SNP-000146,ART-000605,primary_data,true,
SNP-000147,ART-000606,primary_data,true,
SNP-000148,ART-000607,primary_data,true,
SNP-000149,ART-000608,primary_data,true,
SNP-000150,ART-000609,primary_data,true,
SNP-000151,ART-000610,primary_data,true,
SNP-000152,ART-000611,primary_data,true,
SNP-000153,ART-000612,primary_data,true,
SNP-000154,ART-000614,primary_data,true,
SNP-000155,ART-000615,primary_data,true,
SNP-000156,ART-000616,primary_data,true,
SNP-000157,ART-000617,primary_data,true,
SNP-000158,ART-000618,primary_data,true,
SNP-000159,ART-000619,primary_data,true,
SNP-000160,ART-000620,primary_data,true,
SNP-000161,ART-000621,primary_data,true,
SNP-000162,ART-000622,primary_data,true,
SNP-000163,ART-000623,primary_data,true,
SNP-000164,ART-000624,primary_data,true,
SNP-000165,ART-000625,primary_data,true,
SNP-000166,ART-000626,primary_data,true,
SNP-000167,ART-000627,primary_data,true,
SNP-000168,ART-000628,primary_data,true,
SNP-000169,ART-000629,primary_data,true,
SNP-000170,ART-000630,primary_data,true,
SNP-000171,ART-000631,primary_data,true,
SNP-000172,ART-000632,primary_data,true,
SNP-000173,ART-000633,primary_data,true,
SNP-000174,ART-000634,primary_data,true,
SNP-000175,ART-000635,primary_data,true,
SNP-000176,ART-000636,primary_data,true,
SNP-000177,ART-000637,primary_data,true,
SNP-000178,ART-000638,primary_data,true,
SNP-000179,ART-000639,primary_data,true,
SNP-000180,ART-000640,primary_data,true,
SNP-000181,ART-000641,primary_data,true,
SNP-000182,ART-000642,primary_data,true,
SNP-000183,ART-000643,primary_data,true,
SNP-000184,ART-000644,primary_data,true,
SNP-000185,ART-000645,primary_data,true,
SNP-000186,ART-000646,primary_data,true,
SNP-000187,ART-000647,primary_data,true,
SNP-000188,ART-000648,primary_data,true,
SNP-000189,ART-000649,primary_data,true,
SNP-000190,ART-000650,primary_data,true,
SNP-000191,ART-000651,primary_data,true,
SNP-000192,ART-000652,primary_data,true,
SNP-000193,ART-000653,primary_data,true,
SNP-000194,ART-000654,primary_data,true,
SNP-000195,ART-000655,primary_data,true,
SNP-000196,ART-000656,primary_data,true,
